2.69058664185619e-05,7.69346318909199e-06,5,5.67554,1,3.84708196212161,5.95690462753274,0
3.31542649374808e-06,2.95497132668058e-07,6,6.80699,1,4.31549263680903,8.49699720722278,0
3.5631616409622e-05,3.97413939314436e-06,5,5.650828,1,4.31313817148764,8.63352093292812,0
2.29323834914423e-06,5.52189092921605e-07,9,10.206158,1,5.41749190342185,19.494028619339,0
8.76108372993578e-06,1.78239100638115e-06,6,6.796888,1,3.06489746911037,5.21089647668873,0
1.70946493105198e-06,4.32876314513756e-06,5,5.65153,1,4.51406754505815,6.15599232951725,0
2.11676992053052e-05,4.57072685183801e-06,9,9.977389,1,3.02819629210145,6.097794799452,0
2.49742718395481e-05,2.94424803530073e-06,4,4.440092,1,2.25223998509532,3.33477832145866,0
0.000551222716371679,0.000122818603328643,4,4.451305,1,2.52202840352074,3.69246724141862,0
0.00138925876751385,0.00139864433211305,5,5.54137,1,2.57694545794257,3.94297772198085,0
5.95861768953272e-06,8.19528511608603e-07,4,4.430997,1,1.45443199810036,1.97963856082048,0
0.000346035212262221,2.66751229395605e-05,6,6.645518,1,5.62875105742082,10.6710051851337,0
2.87690765313347e-06,3.7700977528754e-07,6,6.656809,1,2.48644078202123,3.36042642852396,0
0.000525415656530504,0.000396127161323367,7,7.768855,1,4.29517253447493,7.62365562923392,0
1.18560135353951e-05,2.64900351032438e-06,4,4.438476,1,1.11693563313513,1.75815686785428,0
4.4929001540275e-05,3.14963945804297e-05,5,5.682419,1,3.35553875241862,5.35272463265613,0
0.000448481233011014,2.25113635492769e-05,6,6.824947,1,3.93844788687462,6.18923381918269,0
0.00016384932028599,7.19711560280822e-05,5,5.664506,1,3.00489404458265,7.12103468955199,0
4.14820398051565e-06,1.19742054749405e-06,6,6.818214,1,3.87549113475963,9.51279911989054,0
1.40277484458257e-05,2.1752531165232e-06,6,6.788697,1,3.79442832730612,7.49806824737768,0
1.48618481820008e-05,2.60618948095629e-06,5,5.680501,1,3.42672681262623,5.34097054636665,0
1.17193353580307e-07,6.6923312891376e-08,4,4.538462,1,1.85083683005542,2.30632653276873,0
1.14703824748545e-05,1.68445564459792e-06,6,6.823246,1,3.7976091442697,7.26323858760562,0
4.21460673500081e-07,2.57230879023111e-07,5,5.676119,1,2.13874386869415,3.77438074198395,0
3.45501928247459e-06,1.80210364560581e-06,7,7.974126,1,4.76460484239343,9.04797486047214,0
0.000129275397131721,8.49338986818581e-05,5,5.675015,1,2.48666272644169,4.35254478996989,0
7.6545415132653e-07,5.16233280197416e-08,6,6.829169,1,2.58720687794718,5.37444437635149,0
5.54301941072087e-05,3.68185902517304e-05,5,5.670086,1,3.030527673064,5.03823637825291,0
1.01546800926887e-05,2.37526473142088e-06,5,5.675176,1,1.21410652461553,1.74910083598746,0
0.000358426533649458,0.000357218870165118,6,6.823034,1,3.20643817163205,5.9015853731954,0
3.49069725923382e-05,4.59469505918649e-05,6,6.801833,1,4.26872255817563,9.1396663405046,0
9.82765807670005e-05,0.000138198400624863,4,4.560949,1,3.07955915695835,5.32197030156248,0
0.000504181708196331,9.82147520143413e-05,4,4.522614,1,2.27608300875787,3.82516528035619,0
5.13858679858088e-05,7.12167379335327e-06,9,10.224374,1,5.43322310992417,24.1403715775192,0
0.000185940803596652,6.5310132029021e-05,4,4.63443,1,4.65945342619696,6.91532239514873,0
3.47997197057808e-06,9.91867460831131e-07,6,6.813034,1,3.94515073468381,8.28034335431164,0
0.00109191124844301,0.00156683978724357,4,4.640849,1,2.07412836179653,3.40740281047813,0
3.20190853117932e-05,2.11476455715953e-05,6,6.876229,1,3.3145293614329,7.75199870245022,0
1.07458601237884e-05,1.74552092092189e-06,5,5.610856,1,1.84781143375482,2.6707889440345,0
0.000866054844561602,0.000616077303946139,6,6.733582,1,0.543498425519847,0.719265325265879,0
1.74852189119414e-06,5.10053030769453e-07,5,5.691388,1,2.50798461385836,3.90352220801735,0
0.00097566216097197,0.00105709204416658,9,10.404918,1,4.04343164591204,8.22477287168896,0
0.000647404146102865,0.000191712740237145,5,5.739601,1,3.56222485071007,6.25846126251996,0
8.94279889853915e-07,2.36625644893055e-07,5,5.717109,1,2.49867269501787,4.6135809530172,0
3.28764118327277e-06,8.53028154002011e-07,5,5.594374,1,3.23186402043261,5.92894347936239,0
5.17469906766772e-05,5.45619743748856e-06,6,6.729356,1,3.73713247791521,8.59243515673787,0
0.000136274834806562,4.24758425042355e-05,3,3.357773,1,1.35704888239868,1.77955494194474,0
2.96718497335845e-05,1.92274468981031e-05,5,5.593129,1,4.13110152763458,6.91614273857891,0
4.4973145044948e-06,7.17445325724986e-07,7,7.854546,1,5.19433256094297,9.17488175322693,0
8.99146671582538e-05,1.23725581883486e-05,9,10.080859,1,5.24414450814091,9.93110214492441,0
2.81720125004316e-06,7.91278621744875e-07,5,5.59814,1,4.16994407772098,5.82334892594422,0
2.41361918281168e-05,3.13617549507946e-05,4,4.471005,1,1.53837604880197,2.06038715896876,0
0.000173844144465224,7.18621421883503e-05,5,5.594057,1,4.09883123867776,7.26753101905181,0
1.87669913712201e-05,6.39178495304149e-06,5,5.600232,1,1.85464355149664,3.49768054527369,0
1.90242013962513e-05,6.96083770049261e-06,7,7.847589,1,5.12523423558296,11.4622919916858,0
0.000304518673707279,9.3842614691216e-05,6,6.723881,1,2.80890146751821,4.87418463161063,0
0.000642689754768934,8.49318003737221e-05,5,5.602998,1,3.30465922231423,7.43001196742674,0
9.20081524039203e-05,2.59598028253816e-05,6,6.718691,1,2.65537664394551,3.64550931346543,0
0.000253993424651717,0.000188057031865659,6,6.720843,1,2.12662095272938,3.158059605795,0
6.93418052737211e-06,1.07669410791729e-06,4,4.492103,1,5.27018623286298,6.04939109601229,0
1.00609765781085e-06,9.51727409187475e-07,8,8.95648,1,4.54334738247729,12.4572891547531,0
0.000136505747636123,7.73152100563279e-05,5,5.613903,1,3.06475885396217,5.80553075186374,0
5.08816088484686e-06,8.91753767647228e-07,10,11.206329,1,3.98686670457368,14.4137507088751,0
9.24608620099627e-06,1.82785475882907e-06,7,7.865854,1,4.00840945607103,8.85678725793493,0
0.000462030773553598,7.78907569929848e-05,9,10.0802,1,2.96144785754236,4.8939702280658,0
1.47426863182558e-06,3.91458313024155e-07,5,5.605506,1,1.51111887929152,2.23772997962275,0
0.000176340960621645,6.94504670247139e-05,10,11.211134,1,3.93847824939305,11.1438097710185,0
1.70978091961915e-07,5.79994210991863e-08,7,7.848037,1,5.42427509611119,7.38830953138381,0
0.00105127487308062,0.000218601545844295,5,5.610446,1,3.99568702170807,7.97030649596877,0
2.41459278090754e-06,7.75762910666666e-07,5,5.635494,1,2.97300169435004,3.65649793892948,0
6.0772367047149e-07,3.7714258855776e-07,5,5.625998,1,2.48762381511166,4.37108573048165,0
1.0899288595561e-05,1.87672615596194e-07,8,8.980351,1,7.41452575218657,16.5738760770113,0
1.20352175004096e-05,2.78949150870715e-06,7,7.851512,1,3.11056333418866,4.62037253491182,0
5.21674569273463e-05,9.58318184304113e-06,6,6.718089,1,4.27758522082486,8.59306945969914,0
6.89224887199699e-05,2.54846786763944e-05,4,4.506991,1,2.13014122574796,3.49015441752112,0
0.000205390186982828,2.35437625075718e-05,4,4.480291,1,2.64454721010758,4.12679761405045,0
2.85863430402062e-05,1.64050577560193e-05,5,5.61743,1,2.6898489082316,3.92439121983525,0
5.02668200487908e-06,4.63493920910274e-07,11,12.383006,1,5.32444772442818,6.28980788660028,0
4.46941498252303e-05,2.17751536825128e-05,6,6.728638,1,2.10702083902276,3.28390214061819,0
3.78357463062012e-07,6.94205051961679e-08,5,5.612185,1,3.37368629451623,5.31459512099059,0
0.000272863935017264,5.02574474302205e-05,3,3.347892,1,1.57580972443733,1.89536948948394,0
0.000254863357999972,9.73654265778445e-05,5,5.605144,1,2.29097155173193,6.91019776009541,0
5.90383574186639e-06,1.45067666843431e-06,7,7.825331,1,2.57057848641856,4.46803171072921,0
7.15125218211365e-07,2.35276869135307e-07,5,5.605141,1,2.36508153897675,4.13213929276993,0
6.70754135223373e-07,8.23350749523666e-08,7,7.846862,1,3.919704532045,5.94344648042157,0
0.000117159795446531,4.72073656105539e-05,5,5.615094,1,3.0535059348378,5.22770907384076,0
3.53851605267277e-07,5.36756111201483e-08,10,11.196915,1,3.32208723872318,5.2402951358178,0
1.72543363049051e-06,5.42366479320637e-07,10,11.173517,1,5.86600760555736,18.2763583010429,0
0.00060144735201635,0.000195953732156427,5,5.593903,1,4.87744011121068,6.0971322826222,0
1.65236233928643e-06,7.96193179219973e-07,7,7.831069,1,6.88035225121098,8.60831403262148,0
2.84365102947591e-05,9.24573613505138e-06,6,6.705098,1,1.51482415359563,2.49379217492521,0
7.58812017459605e-05,1.65482155382035e-05,6,6.727452,1,4.05150898976181,9.32365863463521,0
0.000258204605684604,0.000103586872753247,5,5.618892,1,2.70216808576159,4.36309615679863,0
0.000159933298706804,1.85720007461476e-05,7,7.847241,1,5.11570917567883,8.09022893916823,0
6.47394088652874e-05,3.78624321903387e-06,5,5.581697,1,3.10079672553874,5.09818703845835,0
0.000200006888520256,2.89644632117276e-05,5,5.589361,1,3.41376723876885,7.38645722580143,0
0.000132775945425754,0.000131676188556214,7,7.887832,1,3.92656192298014,5.30668513826677,0
3.3636106874304e-07,1.32664691796884e-07,4,4.508201,1,3.08781724136942,3.60635070354258,0
6.21623151800899e-06,1.08399200933936e-06,5,5.610403,1,2.3318810637691,4.39788325180983,0
0.000465757670536994,0.000184220620273771,12,13.421948,1,1.44865559563192,1.63099108579063,0
0.000592632710367322,0.000199394625785989,4,4.503423,1,2.23974762386568,3.14772271825848,0
4.03692408474756e-06,1.11065454788672e-06,6,6.708306,1,4.43625446614404,8.23698834941521,0
7.64501822500708e-07,1.13235884752205e-07,7,7.845379,1,3.49389313865861,4.49043613609014,0
3.17803799443593e-05,1.06306958716866e-05,10,11.24902,1,3.9537941644452,6.40536351068261,0
0.000989208736972048,0.000459815530661392,8,8.991218,1,4.41637219626496,5.30789295025579,0
2.27349513811596e-06,3.43759991772163e-06,10,11.235512,1,4.44882466310476,9.26963132821242,0
1.43120888442711e-06,4.16831908082542e-07,5,5.646342,1,3.10252318172107,4.98129523799957,0
0.000234104731024318,2.72943513415225e-05,6,6.740793,1,8.82071984567796,13.4911947408072,0
7.7416935971314e-05,3.0512665236182e-05,8,8.940581,1,1.63651535585496,2.16170431534676,0
1.97372181656111e-05,1.78961476926531e-05,7,7.844566,1,4.92975618731178,11.2439978215714,0
0.000994222015951333,0.000145369408047583,7,7.833353,1,4.09744404940498,7.9298184627382,0
0.000800848402742131,0.00159653235880663,5,5.596625,1,2.4605408303544,3.5277861922779,0
3.18530406516711e-06,2.2499697304353e-07,5,5.601831,1,3.63890198334083,4.54749944610389,0
2.23484589460199e-06,1.32231187614333e-06,4,4.488892,1,1.62483299051705,2.09874936298242,0
9.50601323565855e-05,6.07174381428432e-06,6,6.756091,1,5.52739633504177,10.603032960193,0
1.52076343505502e-06,2.49926344703111e-06,5,5.616599,1,2.924711625471,4.18993536456031,0
2.84497854999986e-05,1.50420977745406e-06,5,5.621519,1,5.58103921303118,8.78353229553379,0
1.93890718335132e-06,1.06554340687885e-06,6,6.712194,1,2.80328234863192,5.88657369411627,0
1.2106643419403e-05,2.21724281765194e-06,8,8.950808,1,1.54618673915695,1.86455032395776,0
2.37862993346828e-05,1.15211134691558e-05,4,4.469994,1,2.18898583279463,2.69019801601737,0
4.22752448920903e-06,3.03641878089215e-06,8,8.951228,1,4.60330083704375,13.8047261645471,0
0.000792396192246483,0.000112894641809561,3,3.372805,1,0.825962910206493,1.03793433843685,0
8.70130726400581e-08,1.71309315769956e-07,4,4.488442,1,0.731516830941142,1.07968526502901,0
3.34454177219809e-05,4.2529547461719e-06,4,4.486031,1,2.13610107412479,3.12999173470637,0
4.23861268748037e-06,9.6218274499756e-07,7,7.847808,1,5.80493651926877,12.7602874310458,0
0.00100919476931637,0.00154601802005007,4,4.480175,1,3.78149939155507,4.93301530433114,0
1.01430514193346e-06,1.45315612209984e-07,6,6.719939,1,3.18146982941597,7.37370979925045,0
0.00104391951863227,0.000118714456134146,6,6.720104,1,5.74611115709974,11.2345918443635,0
3.362766203735e-05,1.62932893092253e-06,7,7.84451,1,2.4658163813633,3.76539024414972,0
0.000100537153509706,2.62380878708705e-05,8,8.937555,1,5.7562639054416,17.5515554503149,0
3.9554958577452e-05,4.65962656474398e-06,6,6.740581,1,3.3403550611862,6.67502761907568,0
0.000752848666431214,7.52171702916489e-05,8,8.952731,1,5.06408258504744,12.2161044009712,0
1.0453165049644e-05,2.17198884951605e-06,5,5.595776,1,3.25382360133251,4.10787986410382,0
0.00101092821758979,0.00181030486612348,4,4.473778,1,2.78665105190908,3.54754985259518,0
1.64069866794657e-06,1.75953162151465e-07,6,6.724555,1,3.14696227152987,5.65347657820534,0
1.47259785030459e-05,3.25606757031749e-06,13,14.597118,1,3.97057464498124,6.4147278904669,0
7.08589891536595e-06,9.97005150586243e-07,7,7.860563,1,3.07392636007863,5.28011143799138,0
5.21633033465305e-06,8.74954705909481e-07,6,6.776298,1,5.75162641404854,10.9880784823663,0
6.57775652086925e-06,7.68179197026727e-06,5,5.608048,1,2.65634748434725,5.14098925510594,0
0.000112403094114919,3.04704798023877e-05,9,10.280328,1,6.83365100188826,7.57846603224963,0
7.24772815257801e-05,6.63822974874713e-05,5,5.621192,1,3.28187753919061,5.51823891294784,0
0.000303735115959802,1.47821393259954e-05,6,6.727418,1,3.76731802351693,8.56759105861884,0
1.16653351160338e-05,1.42367499876099e-06,6,6.710843,1,4.6429279781983,9.8995979878174,0
1.84793295197422e-05,5.20537080813307e-06,7,7.867308,1,6.35848618669756,12.7791977738222,0
2.34685229071153e-05,2.6279949313183e-06,8,9.017171,1,3.97398248283327,6.06106351339262,0
0.00102367565741473,7.36459374416539e-05,5,5.619259,1,3.36888920861224,6.04874752256104,0
1.01832221407494e-05,4.18907483098104e-06,5,5.589553,1,1.64500378956804,2.0967740117834,0
0.00076032243272157,0.000260266703494512,4,4.47493,1,2.63220560285926,3.77674830259598,0
4.38176317643237e-07,1.77147285544225e-07,5,5.597688,1,2.18483280713531,3.06660678212775,0
0.000376267030865118,6.54915481523484e-05,5,5.599968,1,3.03570749203158,5.22487498752948,0
0.00012056031467446,5.04100910740379e-05,7,7.85656,1,3.20094857050683,6.250224935412,0
0.000134789335410731,0.000506800890244419,6,6.708981,1,3.59582335373907,4.03198324023326,0
0.000450219668003519,2.73463110517606e-05,6,6.753075,1,6.25789007169977,8.13124672995202,0
2.752844037255e-05,1.08856033230742e-05,7,7.866146,1,4.17235004742295,8.10473638910451,0
2.73392989618256e-06,9.46313380434383e-07,7,7.843314,1,3.58114980407068,9.41980351073958,0
1.97383301084903e-07,2.37829474632652e-08,6,6.723154,1,2.94800742967999,7.14417009368843,0
0.000273635149036347,9.6434886021272e-05,9,10.075035,1,3.73754188210571,5.6725347152598,0
1.74439127228073e-06,6.98955574825651e-07,7,7.865551,1,4.59504347315961,6.3892747645272,0
2.93392301992689e-06,1.15279656539199e-06,7,7.828166,1,5.50989186572333,9.61597462163185,0
0.000794900898327724,0.000205937441308997,5,5.617051,1,1.90969568670744,3.1715592576786,0
1.99260098083471e-05,2.55685067163577e-06,7,7.855504,1,3.24632466919127,6.33159091075062,0
1.77639628672102e-05,3.35196119486686e-06,5,5.579993,1,1.13854488537374,1.63981799202116,0
3.64935402997737e-07,3.49294994816951e-07,8,9.003676,1,4.298886563905,14.8394239954275,0
1.41494152692527e-06,2.02582100983228e-07,5,5.600372,1,0.673803207066998,1.03882618228236,0
4.76332454658299e-05,1.83680827829195e-05,5,5.608688,1,2.39531574687831,4.36359730195833,0
0.00022407247457833,0.000124304267468303,4,4.481758,1,2.11198693677352,3.00085632999186,0
0.000703003514252504,0.00125222069453941,4,4.477713,1,3.03009002736101,4.87221578743496,0
1.34612213137945e-05,5.21708294735449e-06,5,5.610594,1,4.77348534266392,8.9678185313274,0
0.000185358548784915,5.72238438529873e-05,5,5.608294,1,2.72944053376757,5.02297648433216,0
0.000307674934573497,2.78452848263879e-05,6,6.714851,1,1.11795601302108,1.86014515588369,0
3.58410805717047e-06,1.01512278412782e-06,8,8.953908,1,5.90196748484655,8.85921503814605,0
0.000797952997744382,0.000159419505367205,4,4.471553,1,3.13457651458243,4.52140949515647,0
0.000458256157806786,4.11649102647673e-05,6,6.711956,1,3.53240983348203,3.7494747413452,0
0.000415857665721401,0.000172542714033932,3,3.360258,1,1.61229101617061,2.04338687894918,0
2.46727289784533e-06,3.79122081816304e-07,5,5.618116,1,4.07875444269359,6.83910807042216,0
5.37315391027222e-06,1.2692179388515e-06,11,12.330553,1,4.05349966141765,7.17268694068169,0
2.11845635516393e-05,2.90877908292649e-05,4,4.491902,1,1.86435434465907,2.65375816684056,0
0.000185910450120097,1.41285261561948e-05,4,4.492887,1,1.46841872194892,1.97540533774237,0
6.49816020330281e-05,9.30027554430871e-06,5,5.606632,1,3.42141896951268,6.06528372905946,0
8.64956132009916e-07,3.56177429994275e-07,7,7.882896,1,4.19093422494117,12.0830206364692,0
6.60317429507114e-07,2.4773036899628e-08,5,5.596417,1,1.33075884814195,2.06108088085197,0
2.08581318245378e-07,2.64884502110263e-07,5,5.602574,1,2.14903879496037,3.53847604743255,0
0.00106254616037435,0.000248554230084741,7,7.846499,1,4.02351099401938,11.0054400236922,0
0.000495558674214038,0.000157341531275487,6,6.773232,1,2.41234011599024,4.09333528261273,0
3.95954480859245e-05,1.56041503566832e-05,10,11.250022,1,3.18949418968908,5.1239938603092,0
3.79490187204191e-05,8.48331604452746e-06,5,5.607281,1,5.25382881113438,5.93967102933909,0
0.000278167838393758,0.0006113186054304,4,4.522393,1,4.42154105794274,4.76223479457707,0
3.11430259237352e-05,2.15708068095344e-05,6,6.704217,1,3.24201648818673,5.00157410437154,0
1.54794695794649e-05,1.71471624367074e-06,4,4.472036,1,0.723850895263974,1.0378237823175,0
7.60340293378645e-05,6.03560392525594e-05,3,3.359585,1,1.3581197732969,1.43217196331971,0
0.000605910949987645,0.000173549833113925,4,4.50457,1,2.10509683007152,3.37546795041304,0
9.79843146544175e-07,5.47254870503222e-07,6,6.713677,1,4.54623652924043,10.0616667284144,0
3.84942333746724e-06,5.32509120895752e-06,5,5.606839,1,1.50818770057398,2.48216277282332,0
1.67969905891655e-05,5.76309180688739e-06,5,5.634077,1,4.53296994676563,5.96406558238681,0
7.2325237812293e-05,1.03469324182851e-05,6,6.715256,1,6.04920571661201,10.7995506483425,0
2.43617873214417e-05,1.93510415927856e-05,6,6.736169,1,2.4492397445736,4.41863572982356,0
7.11688333744161e-07,1.56300004161558e-07,5,5.704734,1,2.65118290307678,3.91554409549551,0
0.00107221869976624,0.00021757589303098,7,7.90783,1,4.88695677431714,14.9858689281531,0
1.25560832171586e-05,2.16412547264048e-06,7,7.865648,1,5.64521553191635,13.2560872828601,0
2.13098740643757e-06,3.31023759560697e-08,7,7.864987,1,1.56390762386267,1.91633110508795,0
8.76891754787267e-07,2.63154869561966e-08,5,5.615577,1,4.07072512618145,6.39953450918329,0
0.000670237586538375,0.000185068035886434,6,6.715992,1,5.45106263567802,7.75134347066383,0
2.44948746621037e-06,3.32003761704946e-07,4,4.479353,1,3.01770616962202,3.42737778809732,0
0.000626782357594374,0.00010994320439478,4,4.477136,1,3.0457275198776,4.14115344787438,0
0.000937662058809632,0.000394557037356376,3,3.356434,1,2.37565334713386,3.08540628414063,0
0.00066981619063211,0.000516397613771609,7,7.828099,1,3.45249369066787,7.29599167598698,0
0.000633430326896424,0.000287951698656493,7,7.828449,1,4.22510674372148,5.80792145192219,0
7.67492766207878e-05,7.37432244302116e-06,6,6.71369,1,4.91454947965511,10.1490248784112,0
4.20533586848342e-06,1.77348851197282e-06,5,5.615826,1,3.21801839187187,5.38698319297368,0
2.01977146904691e-05,2.45637632724967e-06,11,12.332263,1,4.63656429592208,6.55281019017032,0
2.2995289132312e-07,4.31068539266666e-08,8,8.96312,1,4.65365769668367,14.6849394505348,0
0.000201765296855378,2.29124612278545e-05,4,4.485478,1,3.48687669266852,5.16328923093804,0
9.45879619132614e-05,4.10195054318709e-05,5,5.595107,1,0.283667565532976,0.585075327019758,0
9.46200322274684e-05,3.47659500716246e-05,4,4.485419,1,2.50189169542026,3.59315198002346,0
1.52977718167668e-06,1.57652444145636e-07,6,6.716916,1,3.35871238066505,5.63588966013684,0
1.57033750413122e-06,2.50598903140294e-07,8,8.952083,1,4.1249287643153,14.4723953565674,0
0.000396169632057163,0.000239757735047511,9,10.102038,1,6.07641779949054,20.383146520532,0
5.60836851328236e-06,7.11753164961415e-07,4,4.489816,1,2.63826986296702,3.95076640270646,0
4.84919551375669e-05,1.19675445152678e-05,7,7.850649,1,6.6042575265712,14.9019214381504,0
1.27429144338681e-05,8.68314432171206e-07,7,7.868657,1,4.01785905465883,12.139936214139,0
2.0667487160682e-05,1.60817759248255e-06,5,5.600716,1,5.31448613960879,7.73262888432363,0
1.30548815308183e-06,5.26236478027668e-08,5,5.611295,1,3.28590273152241,6.04209588727552,0
0.000486488807103745,7.28086278223479e-05,5,5.597505,1,2.99766849545293,5.25415328420513,0
0.000225288834008888,0.000244702346893185,5,5.641239,1,2.69840924018102,5.56798267785615,0
1.66885633060751e-06,2.17651383157177e-07,5,5.731563,1,3.2310040102655,5.41454807137566,0
7.10202294557787e-07,7.54124658830513e-08,7,7.838898,1,4.6464740810178,8.23587730477361,0
0.000311019340272915,4.51758231770164e-05,8,8.991396,1,4.08584186481288,14.6576858923268,0
0.000229513106753147,7.09052777328699e-05,7,7.821773,1,4.82662770945667,14.0841886892052,0
0.00068798108248735,7.93128629422342e-05,5,5.599788,1,4.6861921758006,9.71210637860797,0
1.33428813221142e-06,2.87606421220388e-07,7,7.842153,1,3.85144562794844,8.98090862625658,0
5.35493427914365e-05,1.13418470254941e-05,7,7.844378,1,2.0822212562007,3.62860352659161,0
1.3003149360082e-05,7.59647367754718e-06,5,5.63341,1,4.80574398218486,6.33269273434023,0
2.56811435595754e-05,5.64974906317831e-06,5,5.612744,1,6.07291365464119,8.12680243427656,0
4.60646360467027e-06,5.06403985846745e-07,5,5.641003,1,1.65789099656386,2.82457741492954,0
3.30732413353582e-06,3.54465700254843e-06,5,5.594689,1,3.16752099096516,6.05191599744045,0
9.96390616418262e-06,7.54239225619902e-06,5,5.584781,1,3.1983709469161,5.02592818842097,0
3.64804114452987e-05,2.56016910039995e-05,8,8.965199,1,3.88352879850593,12.0224813734689,0
4.15859964409552e-07,2.20205112477778e-07,5,5.598467,1,1.57329320322504,2.18291799926576,0
4.06005212372268e-06,2.3704838475469e-06,5,5.597922,1,6.57834046881638,10.9880710648368,0
3.54123880151252e-05,1.38570476174861e-06,4,4.510438,1,0.535663514314424,0.735680858945113,0
6.59560162883996e-05,3.9207920833668e-05,6,6.710385,1,2.14394986410149,3.14716315909997,0
0.00065772481440183,0.00014034067189216,6,6.721039,1,3.74852039426014,7.08660733043656,0
6.55467333812534e-05,1.62035525595831e-05,5,5.583671,1,1.81851401403325,2.56794282122116,0
0.000359674918552174,5.92626182823094e-05,5,5.603991,1,2.14116080673023,3.68925221032154,0
1.00968244849184e-06,2.29959749427818e-07,5,5.591264,1,2.87635441591435,4.4922212736471,0
0.000136151211926885,1.74157169407577e-05,5,5.598606,1,2.62817332799312,4.67621540187529,0
1.33802386632242e-06,4.1917569669712e-07,6,6.715966,1,1.95858908417063,2.99925348213825,0
1.15049585676256e-06,2.40447306919245e-07,6,6.745749,1,3.39812032081599,6.24346455704228,0
0.000161136305859981,2.71412158177932e-05,4,4.481328,1,2.08524494927362,3.83471660928056,0
9.89668999783979e-05,2.19500381767509e-05,7,7.846684,1,5.04373855728919,14.5834087720838,0
4.41567178322176e-06,1.49286396481744e-06,7,7.843924,1,4.91285327626284,6.65583265667724,0
4.21936985584001e-05,2.36041885847693e-05,7,7.864666,1,3.04850269351405,5.11289284637479,0
0.000262740666761428,0.000150553493618662,4,4.471318,1,1.79071531687543,2.07908608568427,0
1.88409948861521e-06,3.2615781908607e-07,4,4.47841,1,1.91380242313168,2.9151611698999,0
6.52092630785828e-05,0.00033163357959165,7,7.836933,1,4.45048091527477,4.89381671374566,0
2.06626081836496e-06,1.23896497759383e-06,5,5.598866,1,2.79165307584189,4.86017321544029,0
8.15011206110676e-05,3.93612668784793e-05,4,4.512703,1,1.35243706480504,2.14277939791238,0
4.55422136462111e-07,9.87876973649697e-08,4,4.482476,1,2.35918384929374,3.23674503997505,0
0.000115848337794239,9.59448183566932e-05,7,7.816058,1,5.81831447025182,13.3349735461605,0
0.000170219045160401,2.86878588742212e-05,8,8.986082,1,3.0608709005296,5.16942352441989,0
0.000121355905917276,1.92701677973461e-05,6,6.721491,1,3.61157034932415,4.05556573664319,0
7.21999567537268e-06,1.24924037885517e-06,7,7.858979,1,5.1272362838977,14.3005438241149,0
1.69485247934998e-05,7.01271191807148e-06,5,5.592214,1,3.80176222356383,7.2959775454022,0
1.47122729231361e-06,3.36182326014326e-07,9,10.137398,1,2.50502903945965,4.83355998292615,0
8.91353703602047e-06,3.7665217466337e-06,4,4.505445,1,2.2228542433497,3.16178763125683,0
4.51612692752744e-05,7.37953752615502e-06,8,8.991638,1,3.29075008726632,6.68189272719479,0
0.000323933145301446,0.000159040806194111,6,6.755892,1,3.21579412878566,6.29435624613503,0
0.000112581988199906,9.77395530506649e-05,5,5.596288,1,5.53150283942927,7.48405381276641,0
0.000858223956785353,0.000142112103099186,4,4.481137,1,1.23203161690765,1.77530551281122,0
1.16735612464566e-05,2.95330112439392e-06,11,12.332971,1,5.64110507462949,24.0260697529283,0
2.46507774515873e-06,5.70466995928702e-07,5,5.605018,1,3.83004282877934,6.19545430261243,0
2.49111767415518e-05,1.91960921336679e-06,5,5.63313,1,4.90098533779988,7.52201103332329,0
0.000310309405993304,3.81091353722727e-05,4,4.477856,1,2.95007459881605,4.24169983016914,0
1.40540769182833e-06,5.51943778348551e-07,5,5.608388,1,2.05721607731067,3.30814231887311,0
6.63039000208139e-05,5.04696659096397e-06,4,4.477833,1,3.48826715189548,3.87690098240333,0
0.000340488809135079,9.67624227845021e-05,7,7.825964,1,3.28765722103177,4.72069583358035,0
7.61219894423872e-07,9.33527983498772e-07,5,5.591265,1,3.0359041124501,4.66018098221346,0
8.12936688158296e-05,6.72936610198368e-06,7,7.828522,1,6.05378452192962,13.1159840740249,0
5.5780486988453e-06,3.19178772347402e-07,6,6.701715,1,6.58544186149,10.4164464037002,0
4.98536236577951e-06,2.48994493765956e-06,5,5.6109,1,2.61695679577638,4.05786244841944,0
0.00123371999611929,0.00125131716220036,4,4.494285,1,4.31061648779976,6.4282677067629,0
3.79110615349841e-05,3.87718861621922e-06,6,6.706899,1,2.94727819307238,4.61335936129496,0
0.000777299594808981,3.45870985995802e-05,7,7.81845,1,2.11393401243226,2.72713819907153,0
0.00112918327172964,5.02086702624434e-05,5,5.594382,1,5.11789838380564,9.09907237624095,0
5.68850301389036e-07,4.9839575355648e-08,7,7.824959,1,1.94876840284267,3.08741548764428,0
2.31844058159256e-06,2.82084206700469e-06,6,6.724665,1,3.64391070558938,6.09978026177749,0
0.000434821947539223,8.60641395412781e-05,5,5.589685,1,3.98124626109688,8.61689022992241,0
5.85301522076278e-05,7.88781711374975e-06,4,4.494918,1,2.88936471204778,4.01165448202211,0
8.15693694602245e-05,1.56393411759372e-05,8,8.973386,1,5.47138400471094,17.0925748610137,0
3.6400361688647e-05,5.27445319814986e-06,8,8.935422,1,7.06908740411564,15.4825044774244,0
5.79045407889763e-07,1.25692939019946e-07,6,6.704407,1,3.4041279932292,6.61666896680032,0
1.21686128599958e-05,9.20092896202392e-06,5,5.583539,1,4.1733133611092,6.60818724267871,0
1.14219355638977e-06,1.67576037823913e-06,5,5.614057,1,2.3050733527236,2.5724387057887,0
0.000115897944419874,2.03960163085067e-05,7,7.849325,1,5.18354289189507,12.6455974209812,0
0.000875688179815598,0.00150675647572248,4,4.480857,1,2.95382100378954,4.51715938425705,0
0.000305574221229679,7.33927525516191e-05,5,5.608758,1,3.33152274702141,6.32940045268209,0
2.42645172316628e-05,4.86186759996362e-06,6,6.724195,1,2.80206549498971,3.66543729076428,0
1.05990091106351e-06,2.96755494251973e-07,6,6.704476,1,5.26352254350677,11.2524488791946,0
2.82538411484062e-06,4.02421422063722e-06,6,6.737131,1,5.85541641673003,7.95827600522155,0
7.70355916661459e-07,1.28112518741711e-07,5,5.590874,1,2.15478378265856,2.7084633954549,0
0.000206737472835802,6.24934807482713e-05,7,7.839418,1,1.08887162953245,1.55975050025301,0
7.09615901166848e-05,5.08101707670424e-05,6,6.730588,1,4.32734551579242,6.77216637525064,0
4.53530533474468e-05,4.21604250373797e-06,5,5.630158,1,3.36705858080599,6.91868298429851,0
0.00131272844956673,0.000582546823832778,5,5.638204,1,2.50502036495628,3.41237553540955,0
0.000584656809173242,0.000380866084743016,5,5.670572,1,4.79110732401395,5.94257829229256,0
2.38223078273152e-06,5.63374388871477e-07,6,6.759506,1,2.88314235813222,5.23532620770047,0
0.00058980750550691,4.03797340689701e-05,4,4.481199,1,1.3323072675636,1.97899744476774,0
0.000428710269056612,0.000274460363975271,4,4.487184,1,2.08867560351247,3.68056484753313,0
0.00010558846289762,8.80817450912378e-06,8,8.971016,1,3.71709151078239,14.6049791330532,0
1.15593192271273e-05,1.37544533765355e-06,5,5.654462,1,2.27054045291167,3.1291488479563,0
0.000225359959108193,4.52080281854172e-06,5,5.622639,1,2.27574098757233,5.10175483558165,0
6.12057536999353e-05,4.47202642793002e-06,6,6.763604,1,3.18043168811501,4.31715658712315,0
9.99018547044867e-07,4.98291861124785e-07,7,7.883746,1,4.4600899967226,11.08036330664,0
0.0011552765811142,0.000155192593138009,5,5.614891,1,3.93380347340641,7.04244158157807,0
0.000329058911636056,0.000235101672690774,6,6.71101,1,3.15921901700902,6.01869055236841,0
1.41950703312374e-07,3.94360690677183e-08,5,5.589676,1,3.53034705834849,5.06516055507533,0
4.34694502755787e-05,1.71733062999853e-06,5,5.596348,1,3.19466837426588,5.6122903582176,0
1.2371772120948e-06,8.31365588223794e-08,8,8.962171,1,3.78231559739183,8.88678211246358,0
1.09481985008489e-06,1.45038168433582e-06,5,5.591897,1,1.59222625828295,2.46890635213023,0
0.000558692394076589,5.65907285408433e-05,4,4.462771,1,2.81723682082966,4.0440151491327,0
3.85905211798351e-06,6.72798462812244e-07,5,5.618947,1,2.75793234196675,4.94376707900101,0
3.04611626406874e-05,8.62209789560808e-06,6,6.71505,1,3.01034694598392,5.7236211001942,0
2.22313284742107e-07,5.14892864733607e-08,6,6.709951,1,5.12622110785638,7.87840963535559,0
0.00053550516048967,7.41766468335866e-05,6,6.710608,1,5.51623029072117,11.9302630455332,0
8.2442655188138e-07,2.02894162110168e-07,7,7.832904,1,2.57097829684327,8.11947716930736,0
0.000272339454855168,0.000351197338480769,5,5.600827,1,2.50329938386799,4.29482075305005,0
0.000124111628887339,3.15850690037894e-05,5,5.588297,1,1.85076557560268,2.80240718593392,0
0.000145097598838772,0.000117761817813885,5,5.588026,1,3.23912639618981,5.83041573705872,0
5.76900452038554e-05,0.000218400497079838,4,4.497501,1,1.30217034429349,2.00595991524902,0
0.000657236837085332,0.0002946550725736,6,6.737961,1,6.48950571938861,10.8726068734151,0
0.000843106614025481,0.000565123966326408,4,4.484649,1,2.34609462326288,3.93721905516489,0
0.000920977650344276,0.000330759128875054,10,11.187412,1,0.606838847934945,0.900470211246492,0
0.000350060476911493,3.2527772358885e-05,5,5.596476,1,3.51376768956017,6.74863008452758,0
7.39303622321891e-06,3.31265296316108e-06,10,11.202591,1,4.27405864498324,5.52821415075636,0
1.73830681631001e-05,3.61111610928481e-06,5,5.597728,1,1.21662537224417,1.85769743671778,0
3.50389683627896e-05,4.79644059048212e-06,8,8.981207,1,3.16356981234289,5.20344541792485,0
0.000271454569060949,4.39622606673481e-05,4,4.487092,1,3.68798466673324,5.01812322356621,0
3.47126588713048e-06,9.97788679827731e-07,6,6.722909,1,4.96120247597048,7.47802341005069,0
2.11129190828603e-06,7.88031196445142e-07,7,7.843253,1,7.2840654970955,17.4490379331589,0
2.99637543336005e-05,1.86502718803605e-05,9,10.11867,1,2.94801891107278,4.22942116630369,0
3.38704408495245e-06,1.15704356925169e-06,5,5.600024,1,2.2670029636304,3.15079290320897,0
9.99756529906488e-07,3.68031874235323e-08,6,6.721136,1,4.49389585594198,9.73134448881444,0
2.49339799194733e-05,7.68581454420788e-06,6,6.760353,1,0.906876480816513,1.15977294346332,0
4.64594749096911e-05,0.000109052675378474,7,7.876952,1,5.81108280953877,8.62277690280348,0
1.102732353565e-05,2.35905674121165e-06,8,8.985711,1,4.58142119640233,13.6218254549949,0
0.000371111953693073,5.29404686790876e-05,4,4.490568,1,4.82151397343416,6.5628777423357,0
4.59730680984105e-07,8.71191096115294e-08,5,5.596475,1,2.8897861338571,4.82369923485556,0
1.54957855114407e-06,1.58570505272756e-07,4,4.470264,1,2.66218476887022,4.11052425439968,0
0.00125421221321959,0.000176965870297696,3,3.357846,1,2.08566133402017,2.73790706361979,0
1.19031697808131e-06,9.06605556923642e-08,5,5.609983,1,3.83678004578285,5.63199842899729,0
3.5258692314718e-05,7.77294728371292e-06,6,6.695789,1,3.85221421455,9.10636648945315,0
1.87503756770946e-05,2.0418974628067e-06,5,5.615203,1,3.09084448970571,4.01124121089597,0
0.000261985469316399,2.40291301879155e-05,5,5.595272,1,3.59099253298687,7.12207111728865,0
0.000336868018754124,0.000201374460971497,6,6.707547,1,6.12898512377347,7.91368003637641,0
1.35153059934555e-05,1.31049119247995e-06,6,6.710209,1,5.92851499788209,11.6943838484198,0
8.90667139993729e-05,2.48868114627043e-05,5,5.581228,1,4.52777621051829,6.55747992167663,0
2.92354052195924e-05,5.32571572732972e-06,5,5.58487,1,2.64616086456477,4.32268536378575,0
4.69999960369166e-06,8.64941376065367e-07,6,6.715457,1,2.98945443260984,6.99001349153633,0
4.20803374911042e-07,8.24461136583743e-08,4,4.480999,1,1.22051711524531,1.64983657377354,0
9.18419147138877e-05,2.37410308006799e-05,7,7.824019,1,6.58806485573681,7.65490428833346,0
9.70131422931207e-05,2.59977808904054e-05,7,7.859959,1,1.47988818914188,2.06175102060882,0
1.29557511128083e-06,1.69346308032114e-07,7,7.855977,1,3.29154871430425,5.35155485382725,0
0.000459144029583261,0.000254783901447078,7,7.81727,1,5.66221111505574,12.3552408096686,0
1.35708979666183e-05,3.20596677424086e-06,14,15.66002,1,5.52814560918572,44.7359577840996,0
0.000190554676171319,5.00808754917148e-05,4,4.466743,1,1.33980573925966,2.14369466415504,0
0.000415807225195062,0.000147072271261391,6,6.71296,1,5.58916456235825,8.3984935998022,0
3.8181862311336e-06,1.2648687615265e-06,4,4.495721,1,0.997888315126655,1.36666490483728,0
1.33869797389311e-06,3.8072329084741e-06,6,6.735955,1,4.1551722355825,8.99675483405998,0
0.0012649774771436,0.000625074265878036,3,3.361982,1,0.885815763736607,1.16851848129371,0
7.14891371176025e-07,8.00280997211485e-08,5,5.604144,1,0.919825542213248,1.23221300866752,0
5.21120783546927e-05,2.14711478954133e-05,5,5.597801,1,3.42980655868554,5.35092352055807,0
8.20558672649226e-06,1.17701093812113e-06,4,4.481044,1,1.67583307093778,2.58256898198398,0
6.60863511312837e-06,9.97301277524028e-07,7,7.834666,1,4.03586130072391,9.14889947332603,0
4.37065698560849e-06,9.30772124985157e-07,4,4.479156,1,1.71798523473763,2.22161317172192,0
1.57777810047718e-06,6.38377116353913e-08,5,5.598532,1,1.75064908615745,2.60162810572021,0
0.000805989833817553,8.60737836233897e-05,5,5.604298,1,4.91116423819183,7.93297750019226,0
4.10393912043067e-05,2.03819422920232e-05,7,8.059938,1,5.11307646115213,15.0175657992717,0
5.40948328528822e-05,1.26813805496166e-05,5,6.171643,1,2.75096963669507,5.12529693322075,0
0.000592034761089046,9.73391226616882e-05,4,4.557452,1,3.82208864612601,4.60264784774248,0
0.00114797941612057,0.000224214908556397,4,4.655708,1,3.32760250577533,5.00905742653959,0
1.60147788677646e-05,4.22675889932833e-06,5,5.702443,1,2.66828581160921,4.38029474825611,0
1.52698728494844e-06,4.44227724198202e-07,6,6.856476,1,3.05296212627146,5.98254349037418,0
2.46170710846029e-06,6.75384053495237e-06,6,6.719718,1,3.46053275586394,5.92824729971922,0
0.00101209727949603,0.000268138347210262,7,7.897555,1,5.9461162820517,11.375448104378,0
9.78078078375717e-06,3.43641856177338e-06,6,6.731095,1,5.99405115813188,12.7358123187545,0
3.05442106276466e-05,6.40731846664651e-06,5,5.818584,1,2.24252783015639,3.60682513900148,0
6.14011835670682e-07,1.23541506941161e-07,6,6.78781,1,1.49349248279557,2.72042187260645,0
4.11569513512687e-05,1.07772650157836e-05,4,4.482657,1,2.27278089080679,2.87636178825351,0
0.000647332979595957,0.000407460669017238,5,5.591639,1,2.12537150890525,3.30518444655844,0
2.42247072322048e-06,2.6005532405976e-07,5,5.601972,1,3.53001900236971,4.77408205457717,0
1.28171385364959e-06,3.26626632851656e-07,6,6.738325,1,2.84037019082163,6.94550310186836,0
0.000147124311134268,3.57098586518112e-05,5,5.588952,1,2.1906051589243,2.75250977887094,0
1.76862950784646e-05,1.36598687911308e-05,5,5.627408,1,2.45490174891949,4.95443858738236,0
1.06966033027115e-06,9.73735644174227e-07,8,8.980733,1,2.8389560564137,3.42832495790505,0
6.53394263163043e-07,1.42992685656327e-07,4,4.476859,1,1.36264848847983,1.78679171395372,0
3.42075757597104e-06,1.11238585178327e-06,5,5.597567,1,3.30769694926713,5.72275679191698,0
0.000782109170515165,0.000206001224539694,4,4.476306,1,4.42910334061336,6.67224427741588,0
0.00100509876644096,0.000147608170075938,7,7.819379,1,2.29106167858141,3.32866160339476,0
8.47670553188078e-05,4.46862510013838e-05,5,5.600369,1,3.19425144841043,6.57729488942377,0
4.23118845439305e-05,4.69771450158548e-06,8,8.949819,1,4.61208738626578,15.0366833733828,0
2.42294181501985e-06,7.78174998642781e-07,6,6.756967,1,3.05843268701098,8.04632556828374,0
7.98029471436264e-05,3.45859747142111e-05,8,9.105107,1,4.2848764570412,7.77695798047847,0
1.57222419485634e-05,2.61157610801736e-06,5,5.818858,1,2.99531493194093,5.31570457336113,0
0.000105063224523572,6.59622422942395e-05,5,5.858855,1,2.50216973017982,4.0032188715042,0
2.19830916385356e-06,4.63868054597268e-07,6,6.963598,1,2.23909801324007,3.36862205537753,0
0.000166753205515104,5.7315425523688e-05,6,6.72483,1,4.10396676283581,10.0202685635324,0
1.3322818336358e-06,1.55642893961971e-07,5,5.602745,1,4.49154425527383,6.29345816840887,0
5.96479647752351e-05,5.37462714179278e-05,6,6.716521,1,4.16877106704704,5.35122396188303,0
9.26929920137508e-05,5.04646965529543e-05,8,8.954932,1,3.58826073966406,6.82647744297598,0
0.000625566188942624,0.000840996060326375,4,4.487962,1,3.55540015682587,5.62720847196442,0
0.000383520396106844,0.000127701661702069,8,8.9562,1,3.48138817600007,5.91020206556035,0
1.8680334298643e-06,4.38381659917386e-07,5,5.612881,1,3.3916795796921,6.41326908290192,0
0.000416201899251612,0.000208482218219443,8,8.973316,1,5.25118952925876,18.1647508989551,0
7.16144251702916e-06,5.56931735673505e-07,5,5.59455,1,4.76600849382419,5.52390370473757,0
7.04174336738371e-05,2.22274259048527e-05,6,6.699777,1,3.81652801073399,8.60416012230738,0
0.000174549394145178,0.000160869060372955,10,11.24207,1,3.0991329970305,4.54839940662871,0
0.000512893272089091,1.06412966507004e-05,7,7.844311,1,6.3873424889244,16.0424333529612,0
2.87770852379882e-05,3.69449295044751e-06,8,8.970825,1,4.93137346602324,9.7013950667505,0
1.46053900444291e-05,2.59727879838486e-06,5,5.602023,1,4.45895477742499,8.81569251342929,0
6.07884178366818e-06,1.38735784425507e-06,5,5.596399,1,3.6237470590753,6.20822979548131,0
0.000574264927350563,0.000567999301248179,4,4.486426,1,2.73803589738634,3.78621190597569,0
0.000677510913768398,0.000134641382859679,3,3.353609,1,1.66153697195409,2.08603329081142,0
0.000101862462156748,1.7746543565289e-05,4,4.468199,1,3.20759612783569,5.0066210260005,0
7.14572687292999e-05,1.22320752860191e-05,5,5.624632,1,6.31237311988049,9.93724677381265,0
7.04727287780111e-07,1.66512875249732e-07,4,4.484549,1,4.16669945194317,5.42412575184257,0
6.82430268117656e-06,2.91275365101503e-06,9,10.094464,1,2.96880392794846,4.45602522906947,0
0.000127534169066924,3.85705846252573e-05,5,5.596514,1,3.85718260612572,6.12206544186968,0
0.000596094482479908,9.13666230483908e-05,5,5.595887,1,3.68400260864812,6.74588142056985,0
1.45760888422357e-05,1.64710154058427e-06,4,4.470222,1,4.61813593088124,5.5427036859933,0
1.1581049634994e-05,3.68182463093373e-06,7,7.840973,1,6.20998007509888,9.94973658465686,0
3.46529201416295e-07,1.84757323329343e-08,9,10.069527,1,6.26689322059617,12.4541481619481,0
0.0010217487887115,0.000608518336477829,6,6.761794,1,3.46529861706429,9.43776456487056,0
1.63823297105237e-07,7.82678412728869e-08,6,6.705582,1,3.64324187729828,5.22962256412558,0
0.000383874263828961,1.59563405808435e-05,6,6.705339,1,5.14416626115338,8.56026795301449,0
2.81180383737388e-06,7.23863557428039e-07,10,11.171928,1,3.42257626366619,7.77229137804942,0
4.88827293463786e-07,2.18210906418233e-07,8,8.931382,1,6.78048952290849,11.6693894189782,0
7.95447185008964e-05,3.46786730819522e-06,8,8.931041,1,3.58375043781937,5.79267533363037,0
0.00107467386145859,0.000597131827729284,5,5.584256,1,4.96461723181382,8.48749278910801,0
1.82033995661728e-06,2.49310756357766e-07,6,6.725078,1,3.68718599238813,4.76298706277644,0
0.000383931972948495,0.000370465078737799,5,5.607059,1,3.67597990511565,7.55276605064979,0
2.30936017229283e-05,8.16599153056578e-07,4,4.479408,1,3.44137474946888,4.09518322521609,0
2.10267665171154e-06,4.50055237050107e-07,6,6.78503,1,5.17898087899462,7.58308617225009,0
0.000130038331815211,1.36602286494221e-05,5,5.860408,1,3.42204597216879,4.78763450469074,0
7.52056454220442e-05,0.000141175778123485,7,8.144938,1,5.10921415877784,13.2264559496753,0
6.53488110141724e-07,1.36077821677461e-07,6,6.961221,1,3.0767272651654,6.02543012818757,0
6.50749691231816e-05,2.28365752596345e-05,5,5.853545,1,2.71087216116397,3.75562961600255,0
4.70812192502468e-05,1.39209639290298e-05,6,6.935034,1,4.10236328701033,5.93349740892689,0
4.54614672351522e-05,6.74849338511141e-06,7,7.888063,1,6.44261418721284,12.7400069421039,0
1.08589167584026e-06,6.29278366378235e-07,7,7.818011,1,5.47352012157516,13.9224074791044,0
8.56215705046433e-06,2.06134139631627e-06,5,5.58201,1,3.65068018842083,5.42645619692176,0
7.7601442271434e-06,1.61608519777534e-06,5,5.590698,1,1.87106541823712,2.82495147689557,0
4.07777479169187e-05,1.15906826347878e-05,4,4.472424,1,2.80716865255813,3.80616815790859,0
0.000683314061571089,9.2646636224214e-05,4,4.483708,1,4.15548169718688,5.45507150738923,0
1.97072792935962e-06,4.19315778691735e-07,7,7.823129,1,2.70680130738273,5.81596246901222,0
4.62824253176316e-07,1.83848305403596e-07,7,7.853505,1,2.37711980510408,3.99677010319668,0
7.79333530904786e-05,2.78175824498147e-05,8,8.941882,1,3.96009691299278,11.7928530974783,0
2.17487854126983e-05,3.18152281288583e-06,6,6.713826,1,2.37659146237417,3.35237830518863,0
0.000372238348165194,3.58048595146728e-05,5,5.624077,1,2.16247836569752,3.77792602472183,0
2.89155640682903e-06,6.55053534933299e-07,5,5.604067,1,2.07611702840995,3.47340382178876,0
2.88574771594659e-06,9.30150446253516e-07,6,6.719705,1,2.10185585333125,2.50101839141585,0
1.05573588292289e-07,1.12388312082749e-08,6,6.717792,1,3.16179830656822,5.41517776679999,0
0.000395829006431938,0.000125491952369383,5,5.663081,1,4.15975240731753,8.16261692525639,0
6.50387502232866e-06,3.51321294145279e-06,10,11.3519,1,4.90246129034197,24.3870815636789,0
0.000569989230290437,0.000119613887936169,7,7.954895,1,2.3207731016302,4.50774817097374,0
2.27051949563867e-05,4.82207629992626e-06,10,11.292779,1,3.56552325340555,5.49497076680248,0
0.000693029297576131,0.000297273587244888,4,4.473833,1,2.0492528598166,3.02828024851618,0
3.47916597822588e-05,5.99555983068119e-06,10,11.209264,1,1.56474015152927,2.28536926336332,0
1.10382804840606e-05,3.79724580381232e-06,5,5.678942,1,1.96055321199354,2.65328109209782,0
4.98666514047416e-05,9.60652667010564e-06,6,6.842669,1,1.48226107284847,1.75146992016609,0
1.24600380573595e-06,5.37925491224852e-07,6,6.832236,1,1.02035363488765,1.65224476075235,0
3.07005334323941e-05,2.35119734710882e-05,4,4.54108,1,1.23652826848364,2.09848576741386,0
8.89118153599472e-05,1.99217890427909e-05,4,4.52603,1,3.73557529100974,5.27503437915496,0
0.000300154294574393,6.83826397831488e-05,5,5.65588,1,0.932501617911156,1.16922665704857,0
9.56379303378259e-05,8.76399531673372e-06,5,5.671434,1,1.66366618641045,1.85722627712967,0
0.00019743994423384,0.000105263339360728,9,10.196455,1,4.63216562710489,8.77611876201063,0
4.82255217649563e-07,1.33855415122378e-07,7,7.921736,1,4.78624953407523,10.1542643487272,0
0.000458017472193644,0.000125266148823559,5,5.754027,1,3.8197882293032,7.43179021626665,0
3.62201848881307e-06,5.06905283553793e-07,9,10.214842,1,5.34750735854863,10.0447974481947,0
7.10873781428545e-07,7.22588904070639e-08,5,5.667045,1,3.1605379450498,5.68405236170436,0
0.000204967092539483,4.09796927121897e-05,4,4.523643,1,3.32620322555694,4.77040056187964,0
2.10432961398107e-05,8.83099939051613e-06,7,7.922395,1,6.46795644305108,9.33730017537773,0
0.000213922359220619,0.000166800829024686,4,4.549497,1,3.15682402695755,4.85124309733324,0
5.12578162317236e-06,1.34872942807174e-06,7,8.104596,1,3.47756861561851,6.76513858046256,0
0.00109459252089902,0.000481158362824141,5,5.717407,1,4.56015622566234,8.65161426533612,0
7.12377988679843e-07,3.15075057821801e-07,9,10.197662,1,4.75162629843617,21.5795955060445,0
0.00118894617608579,0.000350134437071918,5,5.678481,1,2.02620318178782,2.32259494573873,0
0.000710428567488602,0.000294684376823303,6,6.802099,1,4.49651467133478,6.64894296904755,0
5.74980978973988e-07,1.65771436290892e-07,3,3.395619,1,0.119875809063175,0.208589145173107,0
0.000355969926399318,6.80461067999044e-05,8,9.375069,1,6.05488724011507,13.3471262531044,0
0.000267783084832231,2.64775607282848e-05,8,9.070509,1,7.38869126909307,14.9031656548046,0
7.76612398094401e-06,1.07252468010503e-06,6,6.805094,1,4.34315560004448,10.1803260986417,0
0.0010401663158395,0.000254191708425093,8,9.09521,1,4.15802139813826,14.3584727826067,0
0.000275982522731852,0.000241946068725749,4,4.536869,1,2.70232745974502,4.2767847605638,0
3.16072630447127e-05,1.29081285838994e-05,9,10.197652,1,2.9008678740298,4.65338741357806,0
0.0012577275597181,0.000149166581052647,6,6.796444,1,3.95851715188395,7.17921204929503,0
1.5474719575383e-05,1.27084793226466e-05,8,9.067638,1,2.22606292910373,4.09481829444012,0
2.00466255114073e-06,2.1120095620164e-06,5,5.66945,1,6.76939187652012,8.05521561567397,0
2.10510972399273e-05,6.27137075353186e-06,7,7.985099,1,3.04084388692392,5.0087148234156,0
0.000167055621518646,3.94023369625259e-05,4,4.535881,1,3.24921211790455,4.57952969048101,0
0.000137280396594255,3.12535974492471e-05,8,9.081619,1,4.02314946215673,7.40624313371444,0
3.61349175433313e-05,3.02803442688108e-05,6,6.840211,1,6.38166592842164,9.06313773320121,0
1.9551265418488e-07,1.12195604260827e-07,5,5.617593,1,4.97902042456617,6.89241754438981,0
5.32408604260744e-07,3.52251641929276e-08,14,15.702743,1,4.94251325189447,9.27363558249394,0
2.60282148034114e-07,7.10054054442466e-09,6,6.807205,1,6.98762830421322,12.6408521272377,0
4.44199886153204e-05,3.71187012302802e-06,7,7.948631,1,5.10970292892143,15.0257538525954,0
3.37034336685689e-05,9.64981754487485e-06,5,5.664949,1,2.191493344852,3.3268613195715,0
0.000220260509277336,9.02903987489527e-05,6,6.821635,1,4.7038166376166,9.8532996032673,0
0.000125783696060476,7.56258126151839e-05,4,4.532857,1,2.63464075753315,3.77364839551364,0
0.00104421654021044,0.000158022437837524,5,5.657042,1,0.796794575504383,1.23648638817806,0
0.000146202257547015,0.000197914401624644,4,4.531611,1,2.47335010773526,3.67236983326822,0
0.000477869855815131,0.000659836356710575,8,9.072571,1,2.91131489731479,4.25876968030286,0
0.000713338563087992,0.000440798544275301,6,6.803161,1,3.96590651494057,9.98235588134416,0
0.000129067434098066,4.91989709330287e-05,6,6.816931,1,1.55840260308373,2.21734297614162,0
0.000833339385846017,0.00017906830078009,4,4.501797,1,1.85645330110011,3.09934131453259,0
4.62060533770137e-06,4.21753283658122e-07,5,5.556907,1,3.69580038650946,4.94423370848798,0
0.000127155597313739,8.2186795281396e-05,5,5.56864,1,4.77955647936187,6.82332428596737,0
0.000403509986254016,7.70110690865577e-05,4,4.419006,1,2.36884372352195,3.73410500627388,0
1.54733977708842e-06,2.74188998327744e-07,6,6.645501,1,5.33519433118065,11.8439398646916,0
1.72881218516834e-06,5.27369631390477e-07,8,8.844307,1,1.1809222935931,1.82081063975734,0
8.42681740763843e-07,2.36208645559843e-07,8,8.847968,1,3.97595994781483,11.6539693414421,0
7.4544816086129e-06,2.33061596761434e-06,5,5.550568,1,2.36371694823943,3.63765513376749,0
0.000104479290692686,7.59340406839004e-06,6,6.640704,1,5.19495476899407,12.4511135828481,0
0.000681088751690251,0.000349718802841551,4,4.427458,1,2.84060973951757,3.55696630535741,0
0.000104862721240121,5.32804157518108e-05,7,7.742824,1,2.22801348791126,3.73691250991885,0
0.000153710417041652,8.22436262727007e-05,5,5.535201,1,4.29519355814327,7.09734203979665,0
0.000420709758195854,0.000159552194136122,6,6.630704,1,6.66218025699114,12.0038531899897,0
0.000206042826892724,3.05586307535929e-05,5,5.532085,1,2.88704589259904,5.21187444977301,0
8.03331324538916e-05,5.3750307539846e-06,5,5.532347,1,2.70154961434819,5.42617573805415,0
0.000685863734255256,0.00144814140550964,4,4.426066,1,3.49968096344068,5.95092996920932,0
1.79965054937849e-05,6.04351897549408e-07,4,4.438545,1,4.02560933025973,4.94042644642381,0
7.46020780746372e-07,2.0544972093491e-07,7,7.762067,1,2.81218011107152,5.00544386636708,0
3.67051541672104e-06,3.83382729562953e-07,12,13.692595,1,5.14829062664394,9.09707121453263,0
1.81397951130758e-05,3.61775759559017e-06,5,5.716744,1,4.9860178934877,7.6435004098113,0
1.75568729071018e-05,0.000146634734276026,6,6.808501,1,4.75912101214599,8.97883605471518,0
2.17017304631813e-07,7.97893126014415e-08,5,5.68611,1,2.38848705719472,4.10773500755801,0
5.02788605448648e-06,1.51838581204563e-06,4,4.548531,1,1.81879023203789,2.3847711883163,0
0.000715685052098915,1.90530139529965e-05,8,9.182435,1,4.56200874127497,6.78064315615172,0
1.79748185510431e-06,4.64830336888156e-07,9,10.285787,1,3.30809996103456,5.99489224672205,0
4.1803859429223e-06,3.9585258553021e-07,6,6.832841,1,4.92738848567165,8.4550939277201,0
1.42239419865404e-06,3.69632597520727e-07,5,5.703194,1,4.55861121236096,7.18468267253094,0
9.54687101119799e-05,2.87449767135313e-05,6,6.832102,1,7.39398989520654,11.6459219862756,0
0.00101827380378523,0.00035566739846978,7,7.977843,1,4.85796943942072,14.9609309722043,0
9.11666253308782e-05,8.00715149836447e-06,6,6.831727,1,3.05301878644688,5.4851296283852,0
0.000341226099034732,6.53204890912473e-05,7,8.013214,1,1.2468935662366,1.9111958537299,0
8.1414514250551e-05,5.19473429524039e-05,5,5.684408,1,3.82394588117942,6.08343754052887,0
9.92800761370572e-07,1.91892233163589e-07,6,6.84195,1,0.781838019106467,1.25421602639472,0
1.37707709070969e-05,2.18066536603982e-06,8,9.108017,1,6.69983865589493,17.0067338899586,0
2.19569227554694e-06,6.12224948663235e-07,7,7.991464,1,5.83641932636959,14.4456997107795,0
0.00122221721112289,0.000735275179980029,5,5.715544,1,3.51748720586167,6.73507851699092,0
0.000704995280191907,0.000753299017360117,5,5.701545,1,2.46979900473949,4.11029431332225,0
0.000115142927023684,9.50676814814866e-05,8,9.145791,1,4.7011902127091,11.1175702051169,0
1.02790440941035e-06,8.70446889058204e-08,9,10.268237,1,7.23662811195355,19.0437049260104,0
0.000289898100024832,0.000207037700199623,4,4.572259,1,2.36067516598907,2.54511429762971,0
1.82411082451053e-05,5.75642008755299e-06,8,9.116864,1,1.74339385777399,2.67710701681076,0
3.01765734767202e-06,1.93805678838643e-07,7,7.977572,1,4.78516126315176,10.8199387027036,0
2.46242707189596e-06,2.81755266267475e-07,4,4.551712,1,2.53009261597025,3.76065313304842,0
1.52833940153731e-05,2.44271249646988e-06,4,4.564431,1,1.51018226079673,2.07555183410456,0
8.52462771035961e-07,2.74253647893537e-07,5,5.686081,1,5.39429323422207,5.94879366462572,0
0.000752204219405109,0.000362844307106392,6,6.86321,1,4.54311770168501,7.80539507729289,0
0.000750759886449882,0.00881231799355079,5,5.684112,1,3.89708848268787,6.81259442312435,0
8.27901300632714e-06,4.94866506398998e-06,6,6.816916,1,5.34825652515758,9.74616296171854,0
3.33471362782059e-06,3.84928923113925e-06,7,7.94305,1,2.28390566444611,3.31182305693058,0
4.86336294205061e-06,9.29711300547605e-07,6,6.806973,1,2.61509351661654,4.32025415322868,0
0.000608003936982745,3.52153166969608e-05,5,5.672147,1,6.72386376099046,12.0478308976979,0
2.53246244998447e-05,2.25732457432848e-05,4,4.555405,1,2.03487277162926,2.80043636005167,0
8.75606553844184e-05,1.32664458468527e-05,6,6.818986,1,4.14288460089612,10.2925720031743,0
1.42734110324522e-05,2.39125122579916e-06,5,5.704871,1,2.13165317951027,3.53567175026847,0
8.77562344011906e-05,1.17863534989289e-05,6,6.832575,1,5.50692978439774,8.19395951157813,0
0.000330911140166285,7.62540787945613e-05,5,5.679583,1,3.44169495962678,6.1823857486658,0
1.92051915458609e-06,3.15625839612347e-07,5,5.704642,1,2.17587715382828,4.37075723139584,0
4.36853758301879e-06,1.19852169801667e-06,5,5.729202,1,3.35797006268811,5.93033690898118,0
2.02478993849657e-05,3.27838888365684e-06,7,7.972967,1,4.01906772421596,7.908078586395,0
1.3107242924272e-05,9.4181497591513e-07,5,5.699083,1,2.74839875039467,4.98869787864135,0
0.000419854558481189,0.000371362985993981,5,5.693281,1,2.91404520484151,6.95795270346425,0
7.99871507844585e-06,2.22879818012611e-06,5,5.743684,1,1.87311123891191,3.16936151999093,0
0.00110329636020023,0.000155579605672936,7,8.044726,1,4.66045878508072,12.4878603403901,0
0.000792740724436738,8.8946231581973e-05,4,4.558635,1,3.28155401272109,5.65347132619073,0
0.000439226461746901,4.12312655450238e-05,4,4.563606,1,4.94481675411287,6.58249979876366,0
4.98709302908536e-06,1.01144056515364e-06,6,6.839773,1,4.65961864554784,9.0409414805502,0
7.2304041532655e-06,2.33813432609497e-06,9,10.240259,1,5.7911106922293,19.8711175933344,0
1.18313476831486e-05,1.20080151118825e-06,6,6.833861,1,3.75118839814047,5.86670755925859,0
1.13915803020769e-06,7.64854440708322e-08,5,5.677965,1,4.32487751944355,6.31530581048048,0
2.08290930555187e-05,1.71779210279925e-05,5,5.702678,1,2.98383367808842,5.49122216223722,0
5.42125772006429e-07,7.19049029855127e-08,7,8.006947,1,3.76834400245939,10.4084840079297,0
5.75590150198256e-07,8.78871942352107e-08,5,5.698588,1,0.804790797249626,1.28889008314419,0
1.87564857373338e-05,5.20831821568257e-06,8,9.111905,1,1.8299453164695,3.12324732563645,0
0.000113587592681005,2.07179125445064e-05,5,5.689006,1,4.6683453324461,5.58646620109056,0
0.000644951479213606,0.000176738402673275,8,9.118733,1,3.19290771910144,6.41332049342464,0
0.000394323311204,0.000109008126715794,5,5.678949,1,3.48169080322031,6.18447160082893,0
0.000581713514254645,8.50304300607877e-05,3,3.403248,1,0.946638284103486,1.43880149872098,0
0.000280424957796502,0.000291546792519039,6,6.833451,1,2.55900835092314,4.28511724161032,0
2.80387930825446e-05,1.0582883860429e-05,5,5.715479,1,0.754664381928506,1.45295779856188,0
4.39000437556399e-06,9.64427677348686e-07,10,11.590221,1,2.9219509320899,5.87035126441219,0
5.22780317400009e-05,3.23352519330615e-06,5,5.668413,1,3.82511499870963,6.21395557821027,0
1.85856998960752e-05,7.641449530101e-06,5,5.675514,1,2.10891186472733,2.73389927900214,0
1.92368685666047e-05,2.31900233527149e-06,9,10.226214,1,2.35881651058238,4.30313444434258,0
3.57458863966042e-07,9.32532572273104e-08,5,5.677229,1,2.44644256399208,4.56521784045304,0
0.000212728519842238,0.000137325304717347,8,9.12283,1,5.17116171969174,14.7462164447341,0
0.000731719582993457,0.000287834513476655,4,4.561425,1,3.63488605301476,6.2817186246382,0
5.32365129575815e-05,1.01532041463607e-05,4,4.54524,1,2.01010958451986,3.8125359901939,0
7.69888810997807e-06,2.19587436728804e-06,4,4.560646,1,2.21569441540108,2.83587847348342,0
0.00087745206324985,0.000669216361217787,4,4.56091,1,1.94366549965676,3.40858046929971,0
4.82978304390819e-07,2.24720669184109e-07,6,6.814468,1,3.09432995444895,5.19697035792096,0
5.71616505817554e-06,1.35005825374161e-06,5,5.70128,1,1.90014725802131,4.07602939879851,0
0.000105665762506747,8.7671673581818e-06,5,5.689582,1,7.90762513034038,8.76306272337303,0
3.16621922534539e-06,1.12974820573597e-06,6,6.814047,1,2.27648885434662,4.42867255519882,0
0.00105585568515648,0.00103646685335142,7,7.948161,1,3.86005867022302,5.92713664057172,0
9.16996517234989e-07,8.26401075348926e-08,5,5.607504,1,1.69562209120512,3.11618515275008,0
8.5996935561005e-05,2.03342916382428e-05,4,4.472768,1,3.12427884734301,4.14881041376591,0
1.51210516670633e-05,1.42416938198053e-06,5,5.592168,1,2.64175225028111,3.47794909043949,0
3.7083317048155e-07,2.63185720138689e-08,7,7.870978,1,4.23573549958913,12.9271899471096,0
1.98310791401057e-05,1.42276286274612e-06,6,6.69927,1,3.88754115474135,8.26430926535403,0
0.000498978060421314,8.89317186620886e-05,6,6.72079,1,1.97523251111099,3.38697989480228,0
5.70488866437412e-07,5.61849940646416e-08,6,6.747138,1,6.02235146433925,8.39263725016078,0
4.96678012614701e-05,2.9142448557673e-06,6,7.022402,1,5.12274039447123,11.4402967120548,0
3.61245485725998e-05,2.42545276900967e-05,5,5.705666,1,3.27780739836076,7.94128313541357,0
3.04691459723206e-06,5.00329234006299e-07,7,7.844193,1,5.83757048461415,6.76039784721945,0
0.000442159489518927,0.000138798244084003,5,5.599841,1,3.75999539109568,6.94356855472351,0
5.07825636184156e-05,8.63811915750393e-06,5,5.607199,1,4.20063998605626,8.07320491201506,0
5.12857820266959e-06,1.48767330248415e-05,20,22.379029,1,8.07637596785164,59.4213458262071,0
2.0881160038635e-06,3.21247412310433e-07,6,6.759275,1,1.31689905512549,2.21231496492758,0
9.46090671034156e-05,3.88458669333588e-05,4,4.480997,1,2.29125976645935,3.64371523382877,0
0.000778742292338342,7.2985457269766e-05,6,6.725827,1,2.42588934780617,3.99148495592778,0
3.70154171370527e-06,1.4874304535469e-06,5,5.589263,1,3.75125168041353,6.47768843169462,0
0.0008776429493558,0.000497086253741933,6,6.708196,1,5.90462004050552,14.9649573961599,0
8.65294904884487e-05,9.09445532570885e-06,7,7.82287,1,8.1568188063314,17.4710595975918,0
0.000808778141391149,0.00127101035365311,6,6.706652,1,2.13024565155841,3.32621670350034,0
9.95501800303024e-07,1.21266479731948e-06,7,7.833404,1,5.34308628079384,15.2138540197992,0
9.64270739069114e-05,6.8967043262332e-06,4,4.502291,1,2.93565195632868,4.16552328970281,0
7.2082784129105e-05,3.25874665097967e-06,9,10.077735,1,8.35854897128032,17.3192586055127,0
5.53247891900394e-05,2.47848069772581e-05,8,8.939961,1,6.98269377757874,17.4871537681935,0
6.17876275806327e-06,1.48220853842436e-06,6,6.718276,1,3.59808139285446,5.68801268582401,0
2.37970089544905e-05,2.62726678662561e-06,6,6.722756,1,3.91924840231215,4.37956440786854,0
6.29606678603988e-06,6.20276788032559e-06,7,7.830906,1,5.77464148869285,7.96161496126417,0
0.000363203964255681,3.13419081133433e-05,6,6.716785,1,1.51858068745953,2.32886094622503,0
0.000194822580835301,0.000218779709008077,5,5.614441,1,1.2906138181473,1.99849053631438,0
0.000290949667238894,4.47565354647165e-05,5,5.594817,1,4.26688358925685,7.82130735861898,0
2.54704227148907e-06,1.10484532559833e-07,6,6.732345,1,2.69790852642013,4.65152534099503,0
1.28186787506806e-06,1.34997282182544e-06,6,6.722257,1,4.2309048713165,8.0169577327302,0
2.98803813103052e-05,3.86205974195475e-06,5,5.588638,1,2.29347209756416,3.7458363046682,0
0.000181112338274391,4.43567552615894e-05,4,4.472145,1,0.854176750266245,1.21337696766955,0
3.24982107168305e-07,4.24372730474983e-08,5,5.595652,1,5.7177797758082,7.56197040170273,0
3.17374870932894e-06,6.57151365435205e-07,4,4.478922,1,2.16042869719514,3.08904112531863,0
1.56157657599581e-06,3.87599074491244e-07,5,5.59258,1,4.31587340081393,6.78390100618831,0
0.000872740862158622,0.000435228266598147,5,5.606517,1,4.44649321865,4.87561443349198,0
0.000530394990692369,0.000198087709673704,4,4.47537,1,2.40080690829982,3.82924653161477,0
0.000766151018243744,8.84365383508889e-05,5,5.598634,1,3.97835906069401,8.04710916881374,0
0.000226795633047835,4.41154676264118e-05,7,7.836285,1,2.28369422478979,4.77272889777831,0
4.82225778174593e-05,1.37349116698937e-05,5,5.623664,1,3.00379794911299,5.92700033596621,0
5.60333913990339e-05,8.75336908891707e-06,6,6.731263,1,1.38447916296445,1.95445595036093,0
8.64633789716415e-07,5.72652222123141e-07,6,6.704005,1,4.56801867907419,6.40868301918638,0
0.000952847460504171,0.000207003528889478,4,4.478052,1,1.51455088322105,2.43977551648224,0
0.000531035843165926,6.25304391233724e-05,7,7.891295,1,4.23831030674661,12.5963925228122,0
2.23998819480939e-05,3.6797099700984e-06,3,3.366096,1,1.09884301934901,1.28432672683408,0
0.000141601439111111,0.000110208745255802,5,5.606073,1,4.65519560434313,8.81332876999262,0
2.44376726638023e-06,8.67675268504768e-07,9,10.07704,1,4.44197787028959,20.3278301248484,0
0.000281118723770773,1.91014669356134e-05,5,5.5912,1,1.10064980518573,1.30242764944123,0
0.000638643265924668,8.32195351772961e-05,4,4.463074,1,2.32974105175388,3.1584179630637,0
3.81371311494902e-05,1.72560344908386e-05,4,4.46229,1,2.12134632633405,3.48399695036926,0
1.98294258887262e-05,1.24988438585776e-05,4,4.471401,1,3.2034804241854,3.8563325770039,0
1.21588583605727e-05,6.55770714508286e-07,5,5.60046,1,5.20372628313269,9.09390520470515,0
9.65301322851839e-05,1.60581474974442e-05,4,4.469722,1,2.9944683695498,4.35628579202924,0
2.8379846058866e-05,5.9253943730575e-05,6,6.746947,1,2.14795310504983,3.3207009886559,0
0.00099332249346891,0.000384027123208452,4,4.473822,1,2.70098363381212,3.24726320474723,0
2.87434954049981e-05,2.61505866775332e-05,7,7.836428,1,5.2667147233709,10.0238427597881,0
7.99500075784279e-07,1.37791279256986e-07,5,5.589063,1,3.5072430423586,4.33213017414642,0
2.43715528337763e-05,4.48729391340959e-06,6,6.729268,1,4.27151959531598,9.65563909718585,0
2.23935169226342e-05,2.49832639172739e-06,4,4.467995,1,2.30317315029573,4.16940466365608,0
0.000118021414950634,1.91345878333693e-05,8,8.970955,1,2.98039961025691,3.44959428241093,0
6.81656178713026e-05,5.39415526812637e-05,5,5.639603,1,3.42900530861365,6.02722705128351,0
5.06478653954166e-07,1.60750046986532e-07,5,5.613769,1,2.84280520880038,4.72349706989151,0
7.03489594999646e-05,1.48668055127236e-05,6,6.712948,1,3.24950037535132,4.96729160168399,0
5.75565497131954e-05,5.1180230435192e-06,6,6.717029,1,4.86709013595574,6.51558290102379,0
0.000311714028475863,0.00206500293323368,4,4.483567,1,5.81797947331135,8.07915867352793,0
2.7962585181979e-06,2.99528310075681e-06,5,5.609567,1,3.01224655505138,5.02084581527058,0
2.49418668320174e-05,7.38154090621871e-06,5,5.599823,1,1.70193979995095,2.49499680141443,0
8.09092034542891e-07,5.65761352118906e-08,9,10.074357,1,5.10329170418233,16.5548641941059,0
0.00077949318006985,0.000170021854968621,4,4.477219,1,5.67688518620802,6.96891694473324,0
8.19944529887421e-06,1.07655328445329e-06,5,5.611497,1,3.6464268739882,4.89609236718074,0
0.000108290250399723,2.00963289442487e-05,4,4.470513,1,4.47013391193546,5.03353589560216,0
0.000286283526698659,9.11713602766891e-06,5,5.605266,1,4.59572353047811,8.02096795017082,0
0.000557476353591127,0.000107765294836507,5,5.622523,1,2.55478702320453,3.86367576557988,0
1.53771830263329e-05,7.45992313968176e-07,8,8.962122,1,3.16147243626568,7.2241638559556,0
1.07590912322446e-05,2.42906400982346e-06,12,13.429785,1,2.74573596457492,4.64258968606449,0
0.000126209996100805,2.03005219844693e-05,7,7.840693,1,5.50594490961305,13.2013508987833,0
0.000498810621951988,0.000452375874823903,5,5.615725,1,4.28867967040125,6.8078886975218,0
2.53977491871049e-07,1.24110770669909e-07,5,5.610617,1,2.83805974320915,4.3944260479617,0
0.000238207743266018,9.36537682897226e-05,9,10.069781,1,2.45770299554985,4.91502299740586,0
0.000138290433475929,8.96351395263117e-06,8,8.9848,1,1.98973614822529,2.85019392647788,0
1.28471414844102e-06,1.31102647514073e-06,5,5.591972,1,0.911251307708074,1.34149114110426,0
0.000138767160166457,1.19094588304618e-05,4,4.469334,1,1.78851857191243,2.63874389550243,0
0.000770795918953104,0.000145464550766058,4,4.480453,1,3.03489521325719,5.36970299083293,0
8.35137785870222e-06,5.51172182737999e-06,5,5.607966,1,2.47502162083458,5.39765957158437,0
0.000114273354407553,8.21197437007407e-06,5,5.643776,1,4.70050610241998,7.49502385466151,0
1.05520828612755e-06,2.97193264608975e-07,5,5.633133,1,2.01523950053791,3.07340897833076,0
0.00115348295488008,0.000153762830732392,4,4.477553,1,1.8991002167449,2.30766963755754,0
1.54895215023335e-05,9.86730478639656e-07,8,8.970112,1,3.88227967395048,4.79474673820896,0
5.69659654277415e-07,4.53309035364224e-07,6,6.70576,1,2.09878090899423,3.42347390883529,0
2.13235955655932e-06,1.23932527171013e-06,6,6.717296,1,3.2967072924868,7.36563574804564,0
3.26830172568816e-05,5.64722976300243e-06,4,4.474043,1,1.49338165281029,1.67421004368454,0
3.50041229440324e-06,2.2696796564634e-06,4,4.484315,1,1.69217637259427,2.50413132022466,0
5.56496936064719e-05,0.00011975148332255,9,10.063347,1,4.09660807908993,16.1240429585155,0
2.72045321571323e-05,2.95272332728747e-06,6,6.731414,1,2.18664035036326,2.6553291095256,0
0.00119192286171886,0.000520222875412831,5,5.59172,1,3.72755814735104,4.18908931616854,0
0.000628400294174562,0.000516158876841895,6,6.724704,1,3.69722902256229,5.66121834411456,0
9.19365341961458e-05,4.51336497986898e-05,6,6.743814,1,4.74861177800992,10.5752174245851,0
3.2173526440922e-05,5.59023949683185e-06,6,6.715602,1,5.94495115983181,12.4198509005908,0
8.26249103978983e-05,6.97177803682577e-05,5,5.604572,1,4.3646067523748,6.39067007081114,0
0.00079805014604832,0.000269524861830702,5,5.600589,1,5.08774416781475,8.56906222890506,0
4.771587740648e-06,2.38813358447813e-06,5,5.591498,1,0.853887150208569,1.16009920879172,0
0.000924317589354307,0.000235092245764346,8,8.972605,1,5.72808999388113,10.0354024094968,0
6.06755249167613e-06,1.33916452425542e-06,5,5.576083,1,1.8757952037936,3.07322075387935,0
3.09018937972814e-05,9.87296984995371e-06,8,8.942413,1,3.50564235155489,6.94140752021875,0
3.43411558132929e-06,3.0762359368904e-06,7,7.825038,1,3.92497693771838,10.3749420589561,0
9.34258422788535e-07,1.27044384967689e-06,5,5.586974,1,2.79061727673166,5.71393709224332,0
5.79727381984019e-07,1.16193218639242e-07,9,10.062455,1,4.61675471889108,16.2265912002665,0
0.000456685314498831,0.000254658754121784,4,4.471968,1,3.03142338181251,4.10034225497623,0
6.62993145501399e-06,1.06597134272302e-06,5,5.609311,1,2.6622459905397,3.27078470782951,0
0.000138006494670283,2.71558410399978e-05,5,5.590907,1,3.62824490195721,6.10233343705233,0
0.000998815734159224,0.00120162923102562,8,8.955647,1,2.22535024355763,4.58873524407892,0
0.000362050992302788,9.94409643630216e-05,9,10.062686,1,2.91575750796929,3.78537641805204,0
1.39118991800047e-06,2.90896366420916e-07,6,6.714827,1,4.06593668166233,7.33343988297019,0
0.0010849781996402,0.000305731128935708,5,5.591936,1,3.15932775353118,6.15047321558517,0
2.85730069785087e-06,2.56657056288967e-05,4,4.463505,1,3.17734429889052,5.06664079090062,0
2.94285181533727e-06,2.52223274040582e-06,8,8.977804,1,2.82350848988483,6.86762981377743,0
8.26092713134917e-06,1.73859971752677e-06,6,6.738862,1,2.10333773852008,2.89550344193827,0
3.9936106717605e-05,4.50036252325666e-06,6,6.729099,1,3.52880500931207,7.09675904606708,0
2.77922367121725e-05,3.05842945338049e-06,4,4.501415,1,2.21771326001529,3.13148005800252,0
9.38061196084543e-05,2.06181376761746e-05,6,6.745564,1,3.7848115227293,7.03283409605792,0
0.00036284364982986,0.000338662042753917,5,5.611049,1,1.18835911681725,1.75522931770442,0
0.000735397196083276,0.000145188552780173,5,5.594146,1,3.2560660416559,7.33162052780759,0
1.9268884587916e-05,6.15815053959616e-06,6,6.706094,1,5.48523871380592,8.53705807803575,0
0.000132261308287179,1.35490977285491e-05,5,5.601422,1,3.25758295409642,5.26135719147781,0
0.000535368526730832,0.000200071515250699,4,4.540359,1,2.21785654088742,3.27284796337376,0
1.10304309746659e-05,1.08157584068532e-06,11,12.333416,1,6.74434946654052,19.2471181601593,0
6.02063357706846e-07,7.94638369846131e-07,5,5.627633,1,3.71276794117065,5.75306014480906,0
0.00116136635465558,0.000321703157846613,4,4.486845,1,5.08436111007003,7.03546155882135,0
4.89732778851426e-05,1.617621481854e-05,5,5.595426,1,4.98854902676095,7.28671700544693,0
1.30997297751723e-06,9.74241185132859e-08,5,5.587824,1,2.56149471854922,3.56678768346241,0
0.000222090698811804,5.44711050539659e-05,7,7.872203,1,3.75540153033446,13.2439642793717,0
6.22103968821927e-06,5.50706029874235e-07,6,6.732695,1,3.70600366906227,5.53164681866498,0
1.81780600428298e-05,1.7292578520974e-06,6,6.761206,1,1.68238024671752,2.42820393916182,0
0.000329238867196137,2.44083527478807e-05,5,5.581944,1,4.32045164638084,5.76307165749772,0
0.000225239396212839,0.000145892197641199,6,6.70503,1,5.82613839471043,8.72446754542428,0
1.52822493430535e-05,9.22329932939725e-06,6,6.708965,1,3.18307628016677,6.1302586691901,0
0.000623236314893797,0.000122923473007107,6,6.715781,1,2.84231865613995,5.06938002637508,0
0.000877954728417606,0.000582402138208223,3,3.355699,1,1.72253299880209,1.96236890257239,0
9.33198317979519e-05,1.62718130031954e-05,4,4.483344,1,2.60067472320882,4.09615667321601,0
3.66309943696267e-05,1.58674758209594e-05,5,5.57879,1,3.31604914900365,5.16592451187151,0
2.73048800660327e-05,1.61772113036844e-06,8,8.971024,1,4.7972339282826,14.4459155354665,0
8.5327836051561e-07,1.01511790417952e-07,4,4.489529,1,2.57185183414267,3.0086477336658,0
4.65444143587724e-05,1.40508991869718e-05,7,7.835855,1,2.41318841798607,4.27976023419309,0
1.00029478506801e-05,5.65904462139037e-06,7,7.831056,1,2.2728373841451,4.05512234018882,0
6.63678665747451e-07,1.87873081385996e-07,5,5.591173,1,2.64523864721795,3.6535236408262,0
3.51791163395372e-06,2.53979213253134e-07,7,7.832705,1,5.94176849863279,9.62339442579232,0
0.000170288251867244,5.85383915929956e-05,5,5.591976,1,5.66149610906302,9.00030050974448,0
0.00135267408868406,0.000271112846899031,9,10.056344,1,5.86230044296733,25.3847946348291,0
0.000522894123202101,0.000106964933588268,5,5.592106,1,5.05208581415781,8.5487197566383,0
1.93821659651329e-06,4.1957704618086e-07,5,5.600836,1,2.08871157784731,4.06379015402051,0
1.58409429723997e-05,9.46146387329853e-06,4,4.467354,1,1.800337505912,2.7302700909915,0
1.80902582948977e-05,3.04729410253307e-06,4,4.472656,1,2.04341570827633,3.28108533872369,0
0.000108711927246437,1.02562226899546e-05,5,5.589573,1,1.68028264540293,2.58237667793376,0
4.46643796037273e-07,1.5918660426865e-07,5,5.581008,1,2.81393047883417,5.56099876582041,0
1.5995562030914e-05,6.4142005914633e-06,7,7.829834,1,3.4424332094656,5.42864677562327,0
0.000269719744717342,8.48204672101079e-05,6,6.706901,1,3.61843352146283,5.71316630354581,0
0.000141365401628153,0.000322875196492776,4,4.477998,1,2.21023181401184,4.27156854329158,0
0.000184818050005971,5.76793030793258e-05,4,4.490487,1,1.44853191561109,2.24338438480415,0
0.000499269457912492,0.000304426210297776,4,4.47159,1,1.52040576528519,1.72052923405331,0
8.35552106617363e-05,2.06445645953753e-05,5,5.591784,1,3.63274915083616,5.03708044951987,0
0.000186150919505971,5.09261934944309e-05,5,5.606291,1,2.50275729632249,4.04324095703503,0
1.26293245326279e-05,4.01237929438987e-06,4,4.521525,1,2.47755092039925,3.48015722589146,0
0.000210531938920519,5.28389057737148e-05,3,3.379928,1,1.23921354489341,1.48764031694267,0
0.000598238523502385,0.000115560476405744,5,5.588706,1,2.44093640488115,4.03088303727045,0
6.10350186685791e-07,1.30072240182392e-07,7,7.834995,1,6.07476688624671,16.5724725460189,0
4.93514154839151e-06,1.16087175505708e-06,8,9.145762,1,2.72658491717718,4.21256565562368,0
1.63564805443017e-06,7.27945219635336e-07,6,6.891179,1,3.84396814248714,8.24281411387511,0
1.29477531844846e-05,1.10501651412465e-06,11,12.536635,1,2.76845957984884,3.92430700239287,0
5.98633758726398e-05,2.13106707778882e-05,5,5.698208,1,2.00990580111744,3.08390597593948,0
3.04476978335089e-06,4.66366848509795e-07,10,11.380919,1,4.07523946473952,10.0428022297264,0
8.14162938303068e-06,1.70330727221104e-06,6,6.841972,1,2.29098330391508,3.22647686629276,0
4.44895977151899e-06,9.74255223236871e-07,6,6.845851,1,4.22731235655019,7.50773360932598,0
1.22697618277828e-05,2.96779059721919e-06,5,5.751832,1,5.05049936119686,5.81005551168023,0
1.43267381778445e-05,8.73985152157382e-07,4,4.55977,1,1.12450328802946,1.48755326158786,0
0.000143618011554958,2.2592564946522e-05,5,5.688515,1,5.40124978595622,6.69580052486269,0
9.41719565594586e-07,7.25402235575897e-07,5,5.699168,1,3.74232998711166,5.36260973335453,0
3.15784269665467e-06,4.83497746626519e-07,6,6.823462,1,3.52116061129213,8.42917451823607,0
0.000101453759125468,6.82107143774406e-06,8,9.099193,1,4.25774012780084,5.58069096461023,0
1.22302389648725e-05,1.45059508451784e-05,5,5.70782,1,3.07883507568423,3.48488374983913,0
0.000296218332761126,0.000284306469811998,5,5.696037,1,3.82387651410971,6.12911142193281,0
8.71304732201022e-07,4.73896563703743e-08,5,5.716869,1,1.35975794912781,1.63784004411607,0
0.000303332310654634,2.7693157717131e-05,4,4.556073,1,1.98701081552675,2.84162572446167,0
2.31633994629878e-06,2.14174488279613e-06,5,5.68531,1,0.939389355666186,1.50170227490811,0
2.69939677971086e-05,3.87499069446721e-06,5,5.696882,1,3.03042343717142,4.26003713461776,0
0.000697039091256356,0.0005287442784118,5,5.707695,1,4.60085892769955,7.80152352002097,0
2.24929953584037e-07,1.37352867228084e-08,5,5.698951,1,2.88932014031976,4.81935048957075,0
0.000278558891853353,8.91481812994958e-05,7,7.986169,1,2.42892247690315,4.97865146538351,0
9.22812336926981e-05,3.23295615235845e-05,5,5.714826,1,1.86371108105768,2.70748263637695,0
6.99317093066379e-06,1.40982213651201e-05,4,4.548883,1,2.09474308723815,3.68222996476477,0
1.87960235570979e-06,4.28498112510963e-07,5,5.711588,1,5.12767878948819,5.91607863490787,0
1.98448808918618e-06,1.95581227343163e-07,5,5.693771,1,3.68342348541941,7.03817905678569,0
0.000520953652007813,0.000125335116765009,5,5.696464,1,3.06846061009403,5.41557955297692,0
0.000319972226930213,6.16615478631899e-05,5,5.690215,1,3.20384105263425,6.71581581759324,0
1.97422992186645e-05,1.49838978119599e-06,5,5.693223,1,3.32028664523367,5.41074353778404,0
2.77890540659342e-07,3.43263958738997e-08,5,5.715732,1,2.82109344696302,4.17044973057135,0
2.13128184926135e-05,6.7267322847823e-06,5,5.698008,1,2.7163164438966,3.11702499196819,0
1.76812484888773e-05,1.46405279810001e-06,4,4.56234,1,2.13242090264151,3.14934624479559,0
4.64758632194296e-05,9.72449998707751e-06,6,6.838216,1,2.02125121623763,3.48771752623006,0
0.000437826884791799,0.000129507663669407,5,5.714658,1,3.23592227735704,5.41168482460239,0
8.53396732966659e-05,1.37032524299234e-05,5,5.687397,1,2.37793277854955,3.38506257942592,0
0.00010817307024016,3.6847502783155e-05,4,4.557825,1,1.95362298756418,2.40439073993222,0
1.32827683515386e-06,1.03865915821825e-06,6,6.834153,1,4.84535621690877,8.94647884598892,0
0.000504967423639376,6.92226693634196e-05,5,5.72475,1,5.66762949707487,6.75441499398046,0
0.00017136479141471,3.29973836628375e-05,7,7.994755,1,4.91812237542253,12.0388585060962,0
0.000595268142844276,0.000606558969467837,4,4.567187,1,3.03793096101472,5.34456863664556,0
0.000342693077765025,3.54142970091509e-05,4,4.573089,1,5.07669597420176,7.0769996653335,0
2.21711713137501e-05,3.11310336646257e-06,10,11.440935,1,3.21424365098067,7.14259710728309,0
1.09367809250513e-05,1.32869363833697e-06,4,4.580205,1,2.23073226297706,2.80583116652373,0
0.000891955068418617,0.000142667056681941,5,5.683731,1,3.15116847250442,6.68147523836821,0
5.26323733991441e-06,5.69178390337951e-06,6,6.833289,1,3.46737708335004,5.70366882298229,0
0.000155006791384331,7.9555345948649e-05,7,7.947936,1,5.29542323002858,7.8187906031521,0
3.37472781953565e-05,1.2787244358677e-05,5,5.673663,1,3.85769598419079,6.36750298826991,0
9.8880259534088e-05,2.48326792786149e-05,6,6.824233,1,3.23623308925255,8.03614441853345,0
0.00100565429838031,0.000202812644743163,5,5.679135,1,2.64055171479084,5.0630569635248,0
0.00101416477639043,0.00291478100590586,4,4.560348,1,6.58707118895409,7.24393350024771,0
1.06259812214877e-06,2.67858416011281e-07,5,5.689485,1,2.68148291735061,4.40694074663053,0
1.30093961693341e-06,6.40715370388752e-08,6,6.807231,1,4.11484103013486,8.73996437493965,0
4.35738071052927e-05,9.15006142696943e-06,6,6.813753,1,6.24219807622562,12.3340172760369,0
2.71218326134241e-05,3.10633715250308e-06,5,5.66974,1,4.0669534491552,5.39396179919434,0
4.41852076734004e-07,1.91442397258953e-07,5,5.661853,1,2.46310194563098,3.38438063110413,0
0.000122890022595067,0.000300825246698995,6,6.798124,1,3.44854300982352,8.90181819255839,0
0.0004538834724398,0.000281803833489867,4,4.541075,1,2.33486255930295,3.31058093237391,0
2.03810677213184e-06,2.41754937735372e-07,11,12.514033,1,6.73391973834764,17.5237400019268,0
6.55116990259946e-05,3.81903204842068e-05,4,4.542276,1,4.1294420473296,4.34837691331446,0
9.49338566542754e-07,9.66502225520823e-08,5,5.690517,1,1.33594632147759,1.5584188968503,0
0.000434963279438714,0.000234277471959375,5,5.669358,1,4.86112597464897,8.51081838939197,0
0.000206962290609928,0.000139087357259371,3,3.416955,1,3.68097859100745,4.20668448513566,0
0.000511372161700238,0.000175328114118097,8,9.185427,1,3.98073240883141,16.8703922454039,0
0.000709271931443957,0.00036384475578831,9,10.255928,1,3.42792809775934,9.8471598738603,0
0.00035909714202038,9.68366579579549e-05,5,5.668388,1,3.3447811808409,6.55636666272208,0
0.000325047698564425,6.80682157355357e-05,7,7.962829,1,5.72819021718348,8.05913653219117,0
1.73737962339007e-06,3.61516636848691e-07,7,7.942439,1,5.56321581682631,10.3061625672333,0
3.0631713996155e-05,1.19705893548427e-05,6,6.792538,1,2.87740938818227,6.86629830710476,0
2.97716814952723e-05,1.16550898659019e-05,6,6.812115,1,5.66852197035303,6.77708228219047,0
2.97430056436534e-05,3.04174100181539e-06,7,7.94192,1,1.33226206864637,1.85294429314426,0
0.000874216544733609,0.000542415512632899,3,3.412382,1,2.17237045675925,2.91608919355864,0
0.000162456090608708,3.67996863038974e-05,4,4.540238,1,1.37279442678154,1.86657400993114,0
0.000423858980803453,0.00022816751544257,7,7.935806,1,3.75782595658397,6.52578837580902,0
0.000478422739172503,9.52203915517609e-05,5,5.694239,1,4.52000541156437,9.67487358826,0
4.12560961805357e-05,1.38206937709007e-05,4,4.540925,1,2.4028553963454,3.661640943632,0
4.60427230198124e-05,8.2143069774591e-06,5,5.671565,1,4.19077792300655,6.85573638372242,0
2.30632760882409e-06,3.31863474201111e-07,5,5.674402,1,3.29002782233146,5.12520784800867,0
8.88669753021033e-07,1.5715630662753e-06,5,5.71222,1,3.0475674513821,5.35125865801375,0
9.12131906937311e-05,4.4215174681006e-06,5,5.672542,1,1.82505574807429,2.28212817428169,0
6.06265343434656e-07,1.12498714020341e-07,5,5.66177,1,3.22781374867209,5.77414178868847,0
0.000678592713366912,9.01935930649744e-05,8,9.299165,1,3.0752909781446,4.62861015869631,0
2.62500111519701e-06,8.08420088047971e-07,9,10.456042,1,2.74167345299809,4.57944187999099,0
0.000307865648046939,0.000362243771154911,4,4.572626,1,1.51747794708992,1.93910595374187,0
1.18463702880351e-05,9.53480718157707e-07,5,5.717407,1,3.56575585488896,5.92202312457812,0
4.03395164794522e-05,2.6887188172379e-06,6,6.844213,1,3.72725411938514,8.261507286347,0
3.60198305232566e-05,7.33543335235121e-06,5,5.684984,1,1.71406456966207,2.3162250063117,0
1.86805293794446e-06,5.50972884760803e-07,9,10.259434,1,5.10362647912467,19.3041485680412,0
1.60492074678048e-05,7.92376251685517e-06,6,6.849088,1,2.85830972650217,4.5215596723151,0
0.000155727454518259,0.00012268274386747,9,10.28961,1,2.93891317753632,3.7833146437881,0
9.1320357175668e-06,1.3495578168321e-06,10,11.401472,1,5.32206407261374,18.476896813927,0
0.000195437210363693,3.57819079141823e-05,6,6.833304,1,4.81467360897875,10.590478914376,0
4.3946027688601e-05,8.31320443332265e-06,4,4.565078,1,2.35981958023509,3.23269455873355,0
0.000987083231698565,0.000182596588772399,3,3.418357,1,1.21476633234032,1.6606446552713,0
1.30987580828422e-06,3.72993235279543e-08,5,5.678363,1,4.95261630299574,8.11152225450426,0
3.51659731743007e-07,6.63238413726545e-08,25,28.31048,1,6.20629560274359,82.189990479685,0
7.26689951458726e-06,1.90364980279245e-06,8,8.960582,1,4.75148208452262,7.48278540070899,0
0.000559636029238299,9.14397861286615e-05,6,6.706998,1,3.09531980705212,9.20680847912712,0
0.000401683377593836,7.86141518228275e-05,4,4.490829,1,2.86973029367007,5.10459029046042,0
0.000440713261870882,1.65668869912169e-05,5,5.60203,1,3.54947848590178,4.75866327480375,0
5.27526139313991e-05,9.46698659343159e-06,6,6.724332,1,1.32806402234108,1.92927519353832,0
0.000159249817664995,2.77072490791341e-05,12,13.425874,1,4.07540570049638,6.81579492845072,0
1.36312331853451e-05,1.44866100364108e-05,4,4.471277,1,1.88638117725403,2.80603902890425,0
3.51167584639656e-05,1.19472219806867e-05,4,4.477469,1,2.85702279742815,3.8470975217512,0
6.10715878299485e-07,2.94041772782213e-08,5,5.602211,1,3.33830309374588,5.22526250732132,0
0.000638444700716324,0.000106142640110773,4,4.48704,1,2.37705156876395,3.59389750844231,0
3.2628534041059e-05,8.01420421626028e-06,6,6.717101,1,3.7556014213552,7.97678657329725,0
0.00041000355987428,0.000267994175100224,3,3.353552,1,0.887326321007456,1.32159507264922,0
9.98577798762541e-06,6.78500858221816e-06,7,7.837073,1,0.992925586638478,1.602390107584,0
2.38412907108081e-07,3.21708451545e-08,12,13.433055,1,3.2775280453012,6.16818148024087,0
0.000231241251364428,6.57312901735374e-05,4,4.496878,1,2.191489226092,4.43659993810918,0
2.13803238059555e-07,1.61474573712184e-08,5,5.598446,1,3.56110414429708,4.84082205307489,0
0.000175060940625796,0.00222655626515422,5,5.589686,1,3.69504144293097,4.76463512437673,0
7.37352370338563e-05,2.13996204900443e-05,4,4.480941,1,3.28058933514828,4.08463943212491,0
5.52338693341051e-06,5.16085037334986e-07,6,6.727921,1,3.70121819504989,3.93508518069246,0
4.54204086600971e-05,2.52482038311119e-06,4,4.484559,1,2.06990488827633,3.13100484886798,0
0.000845403084146368,0.000460423286124945,3,3.357841,1,0.6499233957052,1.16764614922223,0
5.1797810405961e-06,2.13526235217273e-06,4,4.478763,1,3.39764186340456,4.35270662411653,0
1.32583218820486e-05,2.95755579721169e-06,5,5.629813,1,3.764104894869,6.63644025320079,0
8.54426211119882e-06,1.35452765037211e-05,4,4.587649,1,2.8768103770568,3.90897774469102,0
4.33431496134629e-05,1.40679355138026e-05,7,8.510311,1,2.24082142666321,3.17658898629332,0
0.000345359582747156,7.6505714790509e-05,4,4.619869,1,1.53627948539803,2.67091450937477,0
0.000178993856542004,0.000101387678879109,5,5.653421,1,2.90990224446133,4.68064166471213,0
0.000129108905418703,7.22808286201156e-06,7,7.85844,1,3.68886309848402,6.0425383550104,0
3.24253768962373e-07,1.42330063290785e-08,8,8.938195,1,3.95668981194891,5.1124348067533,0
9.27601840562752e-07,2.00544787480143e-07,8,8.959706,1,2.59031763262058,3.99903481197989,0
0.000522108499850349,0.000128295156082462,9,10.113112,1,3.97959169908096,8.72247253806574,0
2.63723274012508e-06,4.4450672050574e-08,5,5.603098,1,2.5834309542087,4.2401392536772,0
8.81289187273761e-06,1.04670802488401e-06,5,5.597449,1,3.69051665449172,5.90803582968949,0
0.000279193185929301,5.53515751619225e-05,4,4.482522,1,3.44431585363825,5.28758634583192,0
2.33570774985975e-07,1.10013183933037e-07,7,7.844824,1,4.03134103014257,6.44215683036139,0
0.000270600825288057,5.61851437290058e-05,3,3.361574,1,2.07786984026099,2.33563411021162,0
3.37352812022594e-05,1.17990378652814e-05,4,4.489324,1,1.32557273835704,1.69545341514637,0
1.23921121072118e-05,3.03819138834927e-05,6,6.721661,1,1.44091535834272,2.15730381634331,0
0.000513450440994601,0.000283844418277927,5,5.607999,1,3.99100113090896,5.1313881572474,0
1.99788746017987e-05,2.26476052501516e-06,6,6.74358,1,3.73127694241977,7.05508604052975,0
3.45302488808149e-05,1.55909556779354e-05,5,5.610854,1,2.91919347757104,4.78960521761309,0
9.56427730472491e-05,3.1019444758397e-05,4,4.497141,1,2.61567923663909,3.19031011137262,0
7.26001479058876e-06,7.94185848381387e-07,6,6.738938,1,2.99868904436588,5.27010934394099,0
0.00106258145193889,0.000298229627205632,5,5.603135,1,4.06767207556632,11.4174373512584,0
0.000246150371480997,0.000133193435341868,6,6.722345,1,5.97828171671525,13.5958685881932,0
4.44369488743962e-07,5.71154132877894e-08,10,11.21483,1,1.21231256829276,2.12010958100353,0
0.000931067711722326,0.000341881046065603,4,4.487087,1,3.60623302449637,5.30390381453514,0
5.51318452549507e-06,7.16840148527279e-07,5,5.626251,1,2.16682269331968,3.13707547090473,0
5.70674902142968e-07,6.73005959110166e-08,6,6.739632,1,0.904232846601427,1.24593766279559,0
0.000196060437276561,8.50600083306882e-05,5,5.619687,1,4.94500192600015,8.37003481512744,0
0.000248053013081003,2.3600060405989e-05,4,4.495309,1,2.45016121135662,3.77014244899933,0
1.91283042576493e-05,1.12477526402754e-05,7,7.855657,1,3.58970283583219,6.46917855942788,0
7.96959956064457e-07,8.88305181837949e-07,6,6.715476,1,4.3932482931473,8.55916714490627,0
6.15283167277434e-06,6.00765590811717e-07,6,6.728732,1,4.03882603028944,9.27872017672649,0
7.45226547299567e-06,5.48002262350707e-07,5,5.60547,1,2.45775167882582,4.51984821366871,0
0.00090582578643563,0.000207458527993606,9,10.118161,1,8.97281765554991,26.1265269951036,0
7.47978530371715e-06,2.12405807679487e-06,5,5.597557,1,2.23168581993615,3.00927178691165,0
0.000635161620353966,0.000540725792824011,7,7.839862,1,4.33981399279485,15.0176814206158,0
7.05478712052064e-05,1.93993641989613e-05,5,5.639924,1,4.52525890319554,8.08021160375932,0
1.61103380574973e-07,1.81202249316392e-08,5,5.597981,1,2.13275774776551,3.7426946893413,0
6.20865131273608e-05,6.200775486039e-06,6,6.736987,1,1.74802694721233,2.55908146085729,0
0.00130188538898785,0.000314853315414347,3,3.366526,1,2.08927341608454,2.6309710190182,0
0.000192222705688022,5.81157640196691e-05,5,5.624355,1,2.01015504099468,3.15297592337893,0
0.000591003339910831,0.000578783449213379,5,5.625308,1,3.50893123775539,5.82483779288735,0
4.8353866296636e-07,8.46958609357351e-08,8,8.991908,1,5.77865991613751,8.99303826819944,0
6.31341200912586e-06,8.90195805116253e-07,5,5.61116,1,1.82813331540964,2.43638785436719,0
0.000521440002336032,0.000144529681334234,6,6.734662,1,3.57908011452052,8.54577045752083,0
0.000276870666156003,5.05368826349458e-05,5,5.603271,1,2.95357276032921,5.23875626282655,0
1.86124661530716e-05,3.34459994742297e-05,6,6.705648,1,3.98480798409372,8.65922949508892,0
0.00032233067740366,9.9299416398617e-05,5,5.60571,1,3.65930329329281,6.38186248176411,0
8.52967700032118e-05,6.31758790024713e-05,5,5.602097,1,3.12266662316714,4.65352631965018,0
0.000481025075500568,0.000238745845562568,5,5.603525,1,2.74524054889517,5.56455157753478,0
3.1058268446035e-07,8.77216425488464e-08,6,6.757431,1,3.3973909443033,5.97353347032857,0
3.92641408934691e-07,7.80870643331729e-08,6,6.725465,1,4.06420970668998,10.0598126957859,0
7.62421033851588e-06,3.63009773849769e-06,6,6.740929,1,3.85686368632862,9.28334965053542,0
5.66596509488742e-07,2.17479529922987e-07,4,4.471661,1,2.01246615200973,2.76156287997458,0
2.35357077882774e-06,1.83093233188658e-06,7,7.819002,1,2.11126737501676,3.19055713737099,0
0.00111594061817724,0.00137077025642627,6,6.716486,1,4.31061238421603,11.40304197649,0
0.000386779717499985,9.97787402569339e-05,3,3.355305,1,1.32584519316551,1.74005602202184,0
2.10407393019901e-05,2.76919387193209e-06,5,5.61711,1,2.97721357012518,5.41159128835263,0
1.62521226209841e-06,7.38460578963984e-07,4,4.512436,1,2.34750857218023,3.07445960950393,0
7.46436292768842e-07,2.68754202041125e-07,8,8.966382,1,4.51530499663802,9.89401344591096,0
3.9661855605915e-07,1.37468026369566e-07,5,5.610065,1,2.7325343127563,4.35377032995755,0
4.7901674860248e-05,1.7102063706161e-05,4,4.47376,1,2.46325543202622,3.75485883708387,0
0.000165808436360657,2.99105583548984e-05,8,8.986209,1,4.19834453253713,13.3985216680678,0
1.2250884447384e-06,1.81262174085243e-07,6,6.73306,1,3.45173310855838,8.00171770476773,0
8.38036760378846e-05,1.58473599991549e-05,6,6.742015,1,2.30608021327628,4.55047564125703,0
0.000281327539981333,0.000104219573284968,5,5.607732,1,4.3010562060831,7.48644849819277,0
5.41081638674293e-06,3.3726830239722e-07,6,6.741568,1,2.63814747672115,4.08114858131858,0
5.58934185673707e-05,6.26350495018986e-06,4,4.49135,1,2.16551822133395,2.99039347078302,0
0.00040737117572988,0.000123444878437356,3,3.355018,1,1.65037648572263,2.0552779073425,0
0.000422109525369276,0.000179703747603769,5,5.628047,1,4.59137899685704,6.52093796381796,0
0.000522476448956811,4.96558905288639e-05,5,5.59148,1,4.22283080941157,8.04775128476617,0
1.65645202428615e-06,4.30070382052376e-07,19,21.268922,1,7.37211156248574,55.3684454280276,0
2.70326358740301e-05,9.0065357067857e-06,7,7.846527,1,2.74138828247749,3.87827618524029,0
2.88698885417592e-06,2.63208353123989e-06,6,6.758056,1,1.96202524712984,3.0383076817629,0
6.35072952119396e-07,1.93881810569193e-07,5,5.64803,1,3.65155814882336,5.76917359081163,0
1.07270151615781e-05,8.91656344141623e-06,5,5.600882,1,2.38090678164481,4.37968717915285,0
3.33709383531921e-07,8.12568855905009e-08,5,5.61544,1,2.67275649987434,4.34671421347491,0
0.000165072007962751,2.13020877513024e-05,7,7.870913,1,2.78597381978821,6.14070383792054,0
5.23839444535122e-05,1.72799669526658e-05,5,5.591732,1,3.22939135232336,5.7615218716743,0
0.000431254502512529,0.000199938359474586,10,11.221128,1,5.24856593137187,11.2854013980669,0
7.92593042876083e-05,1.06767086404345e-05,6,6.72679,1,2.39994644969785,8.68579851305954,0
6.60128807878719e-05,1.10690066152247e-05,6,6.7399,1,4.77496140498956,9.49473621341166,0
7.43920620763926e-07,1.07454146599147e-07,5,5.608138,1,6.85027916493113,7.44286523312216,0
0.000926350591803593,0.000251881056373693,5,5.674221,1,6.03468516507419,7.74254528448555,0
1.74049654244142e-07,5.64306333513305e-08,6,6.728416,1,3.28687672442328,7.78375801339774,0
9.06463171538086e-05,1.41448047297395e-05,4,4.475882,1,2.73252396999163,4.25387162693248,0
2.43048144569949e-05,3.9541409050566e-06,5,5.589934,1,3.80273324848205,4.50430318419478,0
0.000159991693241899,7.19517288932381e-05,6,6.745105,1,4.02589042260924,10.1141755344352,0
8.41886704115848e-05,8.16806235145092e-06,6,6.845213,1,1.69908191192124,2.75244424426675,0
2.22722241954605e-05,4.81455848129012e-06,9,10.104297,1,3.55158730736364,7.0810697563046,0
2.88349162581836e-05,8.0794773094824e-06,5,5.68134,1,2.71050011316559,5.94733965014101,0
9.45138418353939e-06,5.28827003380232e-06,6,6.723929,1,2.7085604993798,5.33569226655138,0
1.84357246792668e-05,5.63212184670481e-06,6,6.709766,1,3.88695405815773,6.26477792501247,0
1.14780260466434e-06,2.10387031573944e-07,6,6.731115,1,3.35677331770105,6.54405778262215,0
2.14119889279489e-05,4.98458901378636e-06,4,4.638092,1,1.53659067257138,2.16082332277056,0
5.36931438093319e-05,2.20911889881279e-05,4,4.605496,1,2.19945040605593,3.27992857204856,0
0.000111571142902812,4.04040687080956e-05,5,5.695417,1,1.476623381805,2.49076745589212,0
4.12066507791766e-07,8.36726598701931e-08,6,6.736505,1,2.58194812294691,4.69770171195883,0
0.000555583454016086,2.46036327123574e-05,5,5.594566,1,0.894944476841619,1.52283560079681,0
6.29679595991341e-05,1.14948186653446e-05,6,6.702729,1,3.17424153500604,7.97168302073264,0
1.76976376735709e-05,2.11151896249243e-06,7,7.832334,1,1.71951895702665,1.86109570489364,0
0.000780873781770294,0.000213734830259345,4,4.485657,1,2.34663401795697,3.58085190973544,0
0.000230806026780769,9.4796276337498e-05,5,5.601906,1,2.41279553667902,6.07353817714486,0
2.76266777713669e-05,4.55061719339955e-06,7,7.841313,1,5.11002235499145,12.4918742702196,0
2.00831045544099e-05,2.76029973204454e-06,5,5.605675,1,3.39322082394361,6.2839565328482,0
0.000621414643828027,9.92672417137001e-05,5,5.616922,1,5.31749827461167,8.85229511986242,0
0.000678763815290277,0.000264871152669072,5,5.605024,1,3.0143436188213,5.19986709143213,0
0.000408928246715657,8.42646004416599e-05,6,6.871591,1,6.27657762002216,10.3482793683439,0
0.000949142479254762,0.000217206175502295,6,6.897076,1,4.83180206943398,9.00182488423743,0
